timestamp,linear_x,linear_y,linear_z,angular_x,angular_y,angular_z
1727706439.5807865,0.0,0.0,0.0,0.0,0.0,0.0
1727706439.630646,0.0,0.0,0.0,0.0,0.0,0.0
1727706439.6800385,0.0,0.0,0.0,0.0,0.0,0.0
1727706439.729929,0.0,0.0,0.0,0.0,0.0,0.0
1727706439.8109307,0.0,0.0,0.0,0.0,0.0,0.0
1727706439.8543398,0.0,0.0,0.0,0.0,0.0,0.0
1727706439.9107807,0.0,0.0,0.0,0.0,0.0,0.0
1727706439.9299388,0.0,0.0,0.0,0.0,0.0,0.0
1727706439.9799974,0.0,0.0,0.0,0.0,0.0,0.0
1727706440.030275,0.0,0.0,0.0,0.0,0.0,0.0
1727706440.079958,0.0,0.0,0.0,0.0,0.0,0.0
1727706440.172533,0.0,0.0,0.0,0.0,0.0,0.0
1727706440.2835507,0.0,0.0,0.0,0.0,0.0,0.0
1727706440.3277307,0.0,0.0,0.0,0.0,0.0,0.0
1727706440.3299303,0.0,0.0,0.0,0.0,0.0,0.0
1727706440.3803594,0.08809040486812592,0.0,0.0,0.0,0.0,-0.02950264886021614
1727706440.4308326,0.08809040486812592,0.0,0.0,0.0,0.0,-0.02950264886021614
1727706440.479883,0.1571279615163803,0.0,0.0,0.0,0.0,-0.01312385406345129
1727706440.5400684,0.17657549679279327,0.0,0.0,0.0,0.0,-0.013706395402550697
1727706440.6001568,0.1899680197238922,0.0,0.0,0.0,0.0,-0.01082499697804451
1727706440.6307497,0.20282457768917084,0.0,0.0,0.0,0.0,-0.021983839571475983
1727706440.6802664,0.2069505900144577,0.0,0.0,0.0,0.0,-0.026215124875307083
1727706440.7303636,0.20878338813781738,0.0,0.0,0.0,0.0,-0.030617745593190193
1727706440.7655797,0.0,0.0,0.0,0.0,0.0,-0.18502146813371353
1727706440.7799745,0.21765966713428497,0.0,0.0,0.0,0.0,-0.02147030085325241
1727706440.81591,0.0,0.0,0.0,0.0,0.0,-0.18502146813371353
1727706440.8298414,0.22047249972820282,0.0,0.0,0.0,0.0,-0.014932695776224136
1727706440.9021,0.2361709177494049,0.0,0.0,0.0,0.0,-0.01366773433983326
1727706440.9301996,0.0,0.0,0.0,0.0,0.0,-0.18502146813371353
1727706440.9311335,0.0,0.0,0.0,0.0,0.0,-0.18502146813371353
1727706440.9654818,0.0,0.0,0.0,0.0,0.0,-0.1826995057361938
1727706440.9820058,0.2361709177494049,0.0,0.0,0.0,0.0,-0.01366773433983326
1727706441.0158026,0.0,0.0,0.0,0.0,0.0,-0.1826995057361938
1727706441.0387115,0.2716466784477234,0.0,0.0,0.0,0.0,-0.01523866131901741
1727706441.0401654,0.2821800708770752,0.0,0.0,0.0,0.0,-0.02238607592880726
1727706441.0672154,0.0,0.0,0.0,0.0,0.0,-0.1826995057361938
1727706441.0800188,0.29021742939949036,0.0,0.0,0.0,0.0,-0.02710358425974846
1727706441.116315,0.0,0.0,0.0,0.0,0.0,-0.1826995057361938
1727706441.1306167,0.293355792760849,0.0,0.0,0.0,0.0,-0.02658037468791008
1727706441.1657298,0.0,0.0,0.0,0.0,0.0,-0.1826995057361938
1727706441.1802845,0.27468276023864746,0.0,0.0,0.0,0.0,-0.026410400867462158
1727706441.2302895,0.2615739405155182,0.0,0.0,0.0,0.0,-0.021019192412495613
1727706441.2664106,0.0,0.0,0.0,0.0,0.0,-0.1826995057361938
1727706441.3005788,0.24451413750648499,0.0,0.0,0.0,0.0,-0.02564055286347866
1727706441.328389,0.0,0.0,0.0,0.0,0.0,-0.1826995057361938
1727706441.3810422,0.0,0.0,0.0,0.0,0.0,-0.2040087059274972
1727706441.3820078,0.0,0.0,0.0,0.0,0.0,-0.26899426977048563
1727706441.416123,0.0,0.0,0.0,0.0,0.0,-0.3426990066984266
1727706441.4433732,0.23570959270000458,0.0,0.0,0.0,0.0,-0.02511763945221901
1727706441.4451008,0.23570959270000458,0.0,0.0,0.0,0.0,-0.02511763945221901
1727706441.4653468,0.0,0.0,0.0,0.0,0.0,-0.3426990066984266
1727706441.5004487,0.11070959270000458,0.0,0.0,0.0,0.0,-0.18340681649593618
1727706441.5150151,0.0,0.0,0.0,0.0,0.0,-0.3426990066984266
1727706441.5300531,0.0,0.0,0.0,0.0,0.0,-0.18502146813371353
1727706441.5761356,0.0,0.0,0.0,0.0,0.0,-0.3426990066984266
1727706441.6252596,0.0,0.0,0.0,0.0,0.0,-0.3426990066984266
1727706441.7179947,0.125,0.0,0.0,0.0,0.0,-0.18269900669842662
1727706441.7186255,0.16620184481143951,0.0,0.0,0.0,0.0,-0.23624388873577118
1727706441.775872,0.1424933224916458,0.0,0.0,0.0,0.0,-0.2667321264743805
1727706441.8164937,0.13487835228443146,0.0,0.0,0.0,0.0,-0.2795388698577881
1727706441.8654745,0.12551160156726837,0.0,0.0,0.0,0.0,-0.28336861729621887
1727706441.9172647,0.12551160156726837,0.0,0.0,0.0,0.0,-0.28336861729621887
1727706442.0372157,0.12010301649570465,0.0,0.0,0.0,0.0,-0.2749383747577667
1727706442.0400836,0.12355349212884903,0.0,0.0,0.0,0.0,-0.2674146294593811
1727706442.065701,0.13192898035049438,0.0,0.0,0.0,0.0,-0.2494727075099945
1727706442.1165257,0.13577716052532196,0.0,0.0,0.0,0.0,-0.23991873860359192
1727706442.1654942,0.1583774983882904,0.0,0.0,0.0,0.0,-0.24864526093006134
1727706442.215557,0.17882421612739563,0.0,0.0,0.0,0.0,-0.2608409821987152
1727706442.266242,0.1941450983285904,0.0,0.0,0.0,0.0,-0.2739693224430084
1727706442.3462074,0.20664797723293304,0.0,0.0,0.0,0.0,-0.2872564196586609
1727706442.426527,0.2182215303182602,0.0,0.0,0.0,0.0,-0.2980090081691742
1727706442.4273431,0.2182215303182602,0.0,0.0,0.0,0.0,-0.2980090081691742
1727706442.4864542,0.09322153031826019,0.0,0.0,0.0,0.0,-0.4309036692577488
1727706442.5155883,0.0,0.0,0.0,0.0,0.0,-0.44840529632684517
1727706442.5650744,0.0,0.0,0.0,0.0,0.0,-0.44840529632684517
1727706442.6152403,0.0,0.0,0.0,0.0,0.0,-0.44840529632684517
1727706442.6655695,0.0,0.0,0.0,0.0,0.0,-0.44840529632684517
1727706442.727095,0.0,0.0,0.0,0.0,0.0,-0.44840529632684517
1727706442.8279676,0.0,0.0,0.0,0.0,0.0,-0.4501957539975232
1727706442.829103,0.0,0.0,0.0,0.0,0.0,-0.4501957539975232
1727706442.8752198,0.0,0.0,0.0,0.0,0.0,-0.4446491730307036
1727706442.9153912,0.0,0.0,0.0,0.0,0.0,-0.5054660454905737
1727706442.9653268,0.0,0.0,0.0,0.0,0.0,-0.5054660454905737
1727706443.0156684,0.0,0.0,0.0,0.0,0.0,-0.5054660454905737
1727706443.1172538,0.0,0.0,0.0,0.0,0.0,-0.5054660454905737
1727706443.1174543,0.0,0.0,0.0,0.0,0.0,-0.5054660454905737
1727706443.1655912,0.0,0.0,0.0,0.0,0.0,-0.0
1727706443.2153738,0.0,0.0,0.0,0.0,0.0,-0.0
1727706443.265436,0.0,0.0,0.0,0.0,0.0,-0.0
1727706443.3150387,0.0,0.0,0.0,0.0,0.0,-0.0
1727706443.369069,0.0,0.0,0.0,0.0,0.0,-0.0
1727706443.4258616,0.0,0.0,0.0,0.0,0.0,-0.648211391919687
1727706443.4960568,0.125,0.0,0.0,0.0,0.0,-0.488211391919687
1727706443.546248,0.17444367706775665,0.0,0.0,0.0,0.0,-0.32821139191968696
1727706443.5654256,0.1808510422706604,0.0,0.0,0.0,0.0,-0.21198716759681702
1727706443.615991,0.18098032474517822,0.0,0.0,0.0,0.0,-0.19341245293617249
1727706443.6657174,0.18673700094223022,0.0,0.0,0.0,0.0,-0.18254287540912628
1727706443.7153292,0.18983982503414154,0.0,0.0,0.0,0.0,-0.17436616122722626
1727706443.775304,0.18748581409454346,0.0,0.0,0.0,0.0,-0.1784861981868744
1727706443.8151438,0.19505028426647186,0.0,0.0,0.0,0.0,-0.17990310490131378
1727706443.865084,0.2088002860546112,0.0,0.0,0.0,0.0,-0.18831869959831238
1727706443.926235,0.22634339332580566,0.0,0.0,0.0,0.0,-0.19063180685043335
1727706443.9652927,0.24294573068618774,0.0,0.0,0.0,0.0,-0.1937226951122284
1727706444.0160804,0.25771039724349976,0.0,0.0,0.0,0.0,-0.18945491313934326
1727706444.0651069,0.26596030592918396,0.0,0.0,0.0,0.0,-0.18548449873924255
1727706444.1156845,0.27063244581222534,0.0,0.0,0.0,0.0,-0.1860508769750595
1727706444.2170568,0.27295276522636414,0.0,0.0,0.0,0.0,-0.1832771599292755
1727706444.2808783,0.2765525281429291,0.0,0.0,0.0,0.0,-0.18617671728134155
1727706444.2809894,0.28098857402801514,0.0,0.0,0.0,0.0,-0.18449492752552032
1727706444.3155868,0.2839420437812805,0.0,0.0,0.0,0.0,-0.1807788908481598
1727706444.3653502,0.3016147017478943,0.0,0.0,0.0,0.0,-0.18409135937690735
1727706444.4151454,0.31206661462783813,0.0,0.0,0.0,0.0,-0.18306700885295868
1727706444.4652262,0.18706661462783813,0.0,0.0,0.0,0.0,-0.3430670088529587
1727706444.525606,0.062066614627838135,0.0,0.0,0.0,0.0,-0.3431137229167862
1727706444.5759552,0.0,0.0,0.0,0.0,0.0,-0.3431137229167862
1727706444.668337,0.0,0.0,0.0,0.0,0.0,-0.34728862803053523
1727706444.6713715,0.0,0.0,0.0,0.0,0.0,-0.34728862803053523
1727706444.7259674,0.0,0.0,0.0,0.0,0.0,-0.3818073422520923
1727706444.7672334,0.0,0.0,0.0,0.0,0.0,-0.38046631519717006
1727706444.8158402,0.0,0.0,0.0,0.0,0.0,-0.38046631519717006
1727706444.8654568,0.0,0.0,0.0,0.0,0.0,-0.38046631519717006
1727706444.9155219,0.0,0.0,0.0,0.0,0.0,-0.38046631519717006
1727706444.9768496,0.0,0.0,0.0,0.0,0.0,-0.38046631519717006
1727706445.0151868,0.0,0.0,0.0,0.0,0.0,-0.43219830188625225
1727706445.0758164,0.0,0.0,0.0,0.0,0.0,-0.5045193427113341
1727706445.1156633,0.0,0.0,0.0,0.0,0.0,-0.5596117368296298
1727706445.1668916,0.0,0.0,0.0,0.0,0.0,-0.5596117368296298
1727706445.2156465,0.0,0.0,0.0,0.0,0.0,-0.5596117368296298
1727706445.2963095,0.0,0.0,0.0,0.0,0.0,-0.5596117368296298
1727706445.3460174,0.0,0.0,0.0,0.0,0.0,-0.5596117368296298
1727706445.3660278,0.125,0.0,0.0,0.0,0.0,-0.3996117368296298
1727706445.4154496,0.23714229464530945,0.0,0.0,0.0,0.0,-0.370074063539505
1727706445.4657524,0.11214229464530945,0.0,0.0,0.0,0.0,-0.530074063539505
1727706445.5153284,0.0,0.0,0.0,0.0,0.0,-0.6829592862723094
1727706445.565148,0.0,0.0,0.0,0.0,0.0,-0.6829592862723094
1727706445.6456583,0.0,0.0,0.0,0.0,0.0,-0.746874752248417
1727706445.7178135,0.0,0.0,0.0,0.0,0.0,-0.746874752248417
1727706445.7633045,0.0,0.0,0.0,0.0,0.0,-0.746874752248417
1727706445.7650137,0.0,0.0,0.0,0.0,0.0,-0.8585653754592518
1727706445.8158145,0.0,0.0,0.0,0.0,0.0,-0.8907539572163947
1727706445.8651853,0.0,0.0,0.0,0.0,0.0,-0.8907539572163947
1727706445.9184542,0.0,0.0,0.0,0.0,0.0,-0.8907539572163947
1727706445.9656568,0.0,0.0,0.0,0.0,0.0,-0.8907539572163947
1727706446.036306,0.0,0.0,0.0,0.0,0.0,-0.9345943973112237
1727706446.0865173,0.0,0.0,0.0,0.0,0.0,-0.9345943973112237
1727706446.1475368,0.0,0.0,0.0,0.0,0.0,-1.060751807961034
1727706446.165546,0.0,0.0,0.0,0.0,0.0,-1.060751807961034
1727706446.215995,0.0,0.0,0.0,0.0,0.0,-1.0850519246734835
1727706446.2656443,0.0,0.0,0.0,0.0,0.0,-1.0850519246734835
1727706446.356361,0.0,0.0,0.0,0.0,0.0,-1.0850519246734835
1727706446.4372122,0.0,0.0,0.0,0.0,0.0,-1.0850519246734835
1727706446.4382212,0.0,0.0,0.0,0.0,0.0,-1.0850519246734835
1727706446.4730701,0.0,0.0,0.0,0.0,0.0,-1.193798245757188
1727706446.5152783,0.0,0.0,0.0,0.0,0.0,-1.193798245757188
1727706446.5655844,0.0,0.0,0.0,0.0,0.0,-1.193798245757188
1727706446.617122,0.0,0.0,0.0,0.0,0.0,-1.193798245757188
1727706446.6653047,0.0,0.0,0.0,0.0,0.0,-1.193798245757188
1727706446.735664,0.0,0.0,0.0,0.0,0.0,-1.2683123795661686
1727706446.816735,0.0,0.0,0.0,0.0,0.0,-1.2683123795661686
1727706446.8189735,0.0,0.0,0.0,0.0,0.0,-1.3264276542082283
1727706446.8754787,0.125,0.0,0.0,0.0,0.0,-1.1664276542082284
1727706446.9155655,0.226141095161438,0.0,0.0,0.0,0.0,-1.0064276542082284
1727706446.9662502,0.2315865159034729,0.0,0.0,0.0,0.0,-0.9960017800331116
1727706447.0155506,0.23913420736789703,0.0,0.0,0.0,0.0,-0.998955249786377
1727706447.065532,0.24391955137252808,0.0,0.0,0.0,0.0,-1.0055986642837524
1727706447.1458483,0.0,0.0,0.0,0.0,0.0,-0.0
1727706447.1956763,0.0,0.0,0.0,0.0,0.0,-0.0
1727706447.2482216,0.0,0.0,0.0,0.0,0.0,-0.0
1727706447.265449,0.0,0.0,0.0,0.0,0.0,-0.0
1727706447.3155448,0.0,0.0,0.0,0.0,0.0,-0.0
1727706447.3652053,0.0,0.0,0.0,0.0,0.0,-0.0
1727706447.414948,0.0,0.0,0.0,0.0,0.0,-0.0
1727706447.5059974,0.0,0.0,0.0,0.0,0.0,-0.0
1727706447.5671957,0.19668152928352356,0.0,0.0,0.0,0.0,-0.7805756684558541
1727706447.5700758,0.07168152928352356,0.0,0.0,0.0,0.0,-0.7805756684558541
1727706447.615798,0.19668152928352356,0.0,0.0,0.0,0.0,-0.6205756684558541
1727706447.6657567,0.32168152928352356,0.0,0.0,0.0,0.0,-0.5450593829154968
1727706447.7154903,0.3406446874141693,0.0,0.0,0.0,0.0,-0.5450593829154968
1727706447.7661662,0.344514936208725,0.0,0.0,0.0,0.0,-0.5131344795227051
1727706447.845924,0.3493972420692444,0.0,0.0,0.0,0.0,-0.5030133724212646
1727706447.916448,0.35361436009407043,0.0,0.0,0.0,0.0,-0.464857816696167
1727706447.917387,0.3661118745803833,0.0,0.0,0.0,0.0,-0.4273798167705536
1727706447.9757648,0.3732321262359619,0.0,0.0,0.0,0.0,-0.3062702715396881
1727706448.0154192,0.3672337532043457,0.0,0.0,0.0,0.0,-0.2473897933959961
1727706448.0657125,0.3672337532043457,0.0,0.0,0.0,0.0,-0.2473897933959961
1727706448.116167,0.3584984540939331,0.0,0.0,0.0,0.0,-0.18839655816555023
1727706448.1658227,0.35237377882003784,0.0,0.0,0.0,0.0,-0.17467381060123444
1727706448.2356153,0.3412526547908783,0.0,0.0,0.0,0.0,-0.17945219576358795
1727706448.2969851,0.33348095417022705,0.0,0.0,0.0,0.0,-0.11703450232744217
1727706448.351168,0.32720306515693665,0.0,0.0,0.0,0.0,-0.09212908148765564
1727706448.3653514,0.3247339725494385,0.0,0.0,0.0,0.0,-0.03251908719539642
1727706448.4173012,0.32101917266845703,0.0,0.0,0.0,0.0,0.008058581501245499
1727706448.4654171,0.3185022473335266,0.0,0.0,0.0,0.0,0.028863107785582542
1727706448.5153744,0.3185022473335266,0.0,0.0,0.0,0.0,0.028863107785582542
1727706448.5671337,0.3142535090446472,0.0,0.0,0.0,0.0,0.03775011748075485
1727706448.6177928,0.32297271490097046,0.0,0.0,0.0,0.0,-0.10600137710571289
1727706448.7079833,0.3730819821357727,0.0,0.0,0.0,0.0,-0.13200730085372925
1727706448.7152092,0.38800910115242004,0.0,0.0,0.0,0.0,-0.09977125376462936
1727706448.765274,0.40059706568717957,0.0,0.0,0.0,0.0,-0.041134804487228394
1727706448.8162763,0.40059706568717957,0.0,0.0,0.0,0.0,-0.041134804487228394
1727706448.867096,0.4014708399772644,0.0,0.0,0.0,0.0,-0.011015132069587708
1727706448.919888,0.4043440520763397,0.0,0.0,0.0,0.0,0.012781484052538872
1727706448.9659054,0.40550497174263,0.0,0.0,0.0,0.0,0.02447422780096531
1727706449.0158937,0.40337300300598145,0.0,0.0,0.0,0.0,0.039313577115535736
1727706449.0873854,0.3996660113334656,0.0,0.0,0.0,0.0,0.03387930244207382
1727706449.2078507,0.40205737948417664,0.0,0.0,0.0,0.0,0.032066162675619125
1727706449.2506945,0.4181693196296692,0.0,0.0,0.0,0.0,0.029290931299328804
1727706449.2517006,0.4306032061576843,0.0,0.0,0.0,0.0,0.02427825890481472
1727706449.2672305,0.4306032061576843,0.0,0.0,0.0,0.0,0.02427825890481472
1727706449.3151088,0.4562233090400696,0.0,0.0,0.0,0.0,0.0389428436756134
1727706449.3662546,0.46921592950820923,0.0,0.0,0.0,0.0,0.0537099726498127
1727706449.4156122,0.47719937562942505,0.0,0.0,0.0,0.0,0.055203553289175034
1727706449.476566,0.47719937562942505,0.0,0.0,0.0,0.0,0.055203553289175034
1727706449.5271099,0.489668607711792,0.0,0.0,0.0,0.0,0.06186553090810776
1727706449.5656676,0.489668607711792,0.0,0.0,0.0,0.0,0.06186553090810776
1727706449.615578,0.492484986782074,0.0,0.0,0.0,0.0,0.06410542130470276
1727706449.6653259,0.492484986782074,0.0,0.0,0.0,0.0,0.06410542130470276
1727706449.717281,0.4962412714958191,0.0,0.0,0.0,0.0,0.06785671412944794
1727706449.765817,0.4969835877418518,0.0,0.0,0.0,0.0,0.07255621999502182
1727706449.816039,0.4967448115348816,0.0,0.0,0.0,0.0,0.06711570173501968
1727706449.8725038,0.4956757724285126,0.0,0.0,0.0,0.0,0.06349062919616699
1727706449.9155016,0.49921566247940063,0.0,0.0,0.0,0.0,0.06507757306098938
1727706449.986701,0.4991278052330017,0.0,0.0,0.0,0.0,0.0669771209359169
1727706450.056592,0.49988025426864624,0.0,0.0,0.0,0.0,0.07533417642116547
1727706450.0652034,0.49988025426864624,0.0,0.0,0.0,0.0,0.07533417642116547
1727706450.1166124,0.5,0.0,0.0,0.0,0.0,0.07094456255435944
1727706450.1649961,0.5,0.0,0.0,0.0,0.0,0.0715077817440033
1727706450.2158608,0.5,0.0,0.0,0.0,0.0,0.06449567526578903
1727706450.2662866,0.5,0.0,0.0,0.0,0.0,0.07064758241176605
1727706450.3358793,0.5,0.0,0.0,0.0,0.0,0.06863319873809814
1727706450.436771,0.0,0.0,0.0,0.0,0.0,0.0
1727706450.4788933,0.0,0.0,0.0,0.0,0.0,0.0
1727706450.4799907,0.5,0.0,0.0,0.0,0.0,0.08703291416168213
1727706450.5163171,0.49998337030410767,0.0,0.0,0.0,0.0,0.09095855802297592
1727706450.5652778,0.49998337030410767,0.0,0.0,0.0,0.0,0.09095855802297592
1727706450.6160307,0.499994158744812,0.0,0.0,0.0,0.0,0.07147063314914703
1727706450.671773,0.499994158744812,0.0,0.0,0.0,0.0,0.07147063314914703
1727706450.715861,0.4998326301574707,0.0,0.0,0.0,0.0,0.06618554145097733
1727706450.7965012,0.4997108578681946,0.0,0.0,0.0,0.0,0.0692303255200386
1727706450.815899,0.499717652797699,0.0,0.0,0.0,0.0,0.07697597146034241
1727706450.8656385,0.49991434812545776,0.0,0.0,0.0,0.0,0.07468923926353455
1727706450.9183784,0.49997562170028687,0.0,0.0,0.0,0.0,0.07533415406942368
1727706450.9693305,0.49984514713287354,0.0,0.0,0.0,0.0,0.07157094776630402
1727706451.0153306,0.49984514713287354,0.0,0.0,0.0,0.0,0.07157094776630402
1727706451.065935,0.49998271465301514,0.0,0.0,0.0,0.0,0.07218228280544281
1727706451.1468682,0.5,0.0,0.0,0.0,0.0,0.07479073107242584
1727706451.1978524,0.5,0.0,0.0,0.0,0.0,0.06677883863449097
1727706451.2671325,0.5,0.0,0.0,0.0,0.0,0.06594648957252502
1727706451.2707021,0.5,0.0,0.0,0.0,0.0,0.06187455356121063
1727706451.315236,0.5,0.0,0.0,0.0,0.0,0.06074673682451248
1727706451.3653078,0.4999997019767761,0.0,0.0,0.0,0.0,0.05902411788702011
1727706451.4162958,0.4999997019767761,0.0,0.0,0.0,0.0,0.05902411788702011
1727706451.4656558,0.4999998211860657,0.0,0.0,0.0,0.0,0.05785592645406723
1727706451.5563588,0.4999999403953552,0.0,0.0,0.0,0.0,0.056510113179683685
1727706451.6695604,0.5,0.0,0.0,0.0,0.0,0.052006110548973083
1727706451.6696696,0.5,0.0,0.0,0.0,0.0,0.052006110548973083
1727706451.7063096,0.5,0.0,0.0,0.0,0.0,0.052006110548973083
1727706451.7153275,0.4999999403953552,0.0,0.0,0.0,0.0,-0.023475369438529015
1727706451.765236,0.4999999403953552,0.0,0.0,0.0,0.0,-0.036453258246183395
1727706451.8161588,0.49877506494522095,0.0,0.0,0.0,0.0,-0.02977024018764496
1727706451.8652265,0.49972623586654663,0.0,0.0,0.0,0.0,-0.022495750337839127
1727706451.9152646,0.49981623888015747,0.0,0.0,0.0,0.0,-0.02163119614124298
1727706451.965558,0.5,0.0,0.0,0.0,0.0,-0.022631948813796043
1727706452.0210056,0.5,0.0,0.0,0.0,0.0,-0.023212620988488197
1727706452.065272,0.5,0.0,0.0,0.0,0.0,-0.020208699628710747
1727706452.114997,0.5,0.0,0.0,0.0,0.0,-0.025921914726495743
1727706452.1663253,0.5,0.0,0.0,0.0,0.0,-0.033581726253032684
1727706452.2154813,0.4999900460243225,0.0,0.0,0.0,0.0,-0.03879265859723091
1727706452.288622,0.49999022483825684,0.0,0.0,0.0,0.0,-0.049356743693351746
1727706452.3382878,0.4999925494194031,0.0,0.0,0.0,0.0,-0.05549396947026253
1727706452.3966644,0.4999973177909851,0.0,0.0,0.0,0.0,-0.06304118782281876
1727706452.4154496,0.49999964237213135,0.0,0.0,0.0,0.0,-0.06788036227226257
1727706452.4657843,0.49999964237213135,0.0,0.0,0.0,0.0,-0.06788036227226257
1727706452.5150976,0.5,0.0,0.0,0.0,0.0,-0.06833323836326599
1727706452.5657227,0.5,0.0,0.0,0.0,0.0,-0.06316222250461578
1727706452.625437,0.5,0.0,0.0,0.0,0.0,-0.03692180663347244
1727706452.6754863,0.4999999403953552,0.0,0.0,0.0,0.0,-0.023153265938162804
1727706452.7773106,0.5,0.0,0.0,0.0,0.0,-0.02238159067928791
1727706452.8310628,0.5,0.0,0.0,0.0,0.0,-0.017847055569291115
1727706452.8317118,0.5,0.0,0.0,0.0,0.0,-0.0225121658295393
1727706452.8649147,0.4994460642337799,0.0,0.0,0.0,0.0,-0.01775014027953148
1727706452.915354,0.4995065927505493,0.0,0.0,0.0,0.0,-0.019521014764904976
1727706452.9655516,0.49905067682266235,0.0,0.0,0.0,0.0,-0.021221989765763283
1727706453.0154972,0.5,0.0,0.0,0.0,0.0,-0.017540905624628067
1727706453.0962815,0.5,0.0,0.0,0.0,0.0,-0.019535204395651817
1727706453.1154225,0.4989277124404907,0.0,0.0,0.0,0.0,-0.02004144713282585
1727706453.1656566,0.4957728981971741,0.0,0.0,0.0,0.0,-0.020118670538067818
1727706453.2167573,0.4973543882369995,0.0,0.0,0.0,0.0,-0.013638954609632492
1727706453.2661595,0.49776655435562134,0.0,0.0,0.0,0.0,-0.017035789787769318
1727706453.3156867,0.4990556836128235,0.0,0.0,0.0,0.0,-0.014868663623929024
1727706453.4065833,0.498049259185791,0.0,0.0,0.0,0.0,-0.01434017438441515
1727706453.45714,0.49602293968200684,0.0,0.0,0.0,0.0,-0.0018946117488667369
1727706453.4651673,0.4947430491447449,0.0,0.0,0.0,0.0,0.012778131291270256
1727706453.5361822,0.493360310792923,0.0,0.0,0.0,0.0,0.014686932787299156
1727706453.5651712,0.492791086435318,0.0,0.0,0.0,0.0,0.0228964164853096
1727706453.6151645,0.48885321617126465,0.0,0.0,0.0,0.0,0.019631540402770042
1727706453.6654482,0.48885321617126465,0.0,0.0,0.0,0.0,0.019631540402770042
1727706453.715511,0.4858473241329193,0.0,0.0,0.0,0.0,0.03548926115036011
1727706453.769504,0.482349157333374,0.0,0.0,0.0,0.0,0.037417083978652954
1727706453.825733,0.47821885347366333,0.0,0.0,0.0,0.0,0.04036259278655052
1727706453.9273946,0.47563889622688293,0.0,0.0,0.0,0.0,0.04550332948565483
1727706453.9285867,0.472432017326355,0.0,0.0,0.0,0.0,0.04626648500561714
1727706453.9755101,0.4689008593559265,0.0,0.0,0.0,0.0,0.04359287768602371
1727706454.01543,0.45981350541114807,0.0,0.0,0.0,0.0,0.03782932832837105
1727706454.065414,0.45682916045188904,0.0,0.0,0.0,0.0,0.03965369239449501
1727706454.1152935,0.455226331949234,0.0,0.0,0.0,0.0,0.0448274090886116
1727706454.175561,0.4577013850212097,0.0,0.0,0.0,0.0,0.049728792160749435
1727706454.218566,0.4493165612220764,0.0,0.0,0.0,0.0,0.05029046908020973
1727706454.267509,0.4440458416938782,0.0,0.0,0.0,0.0,0.04035607725381851
1727706454.315159,0.4404788017272949,0.0,0.0,0.0,0.0,0.0381881520152092
1727706454.3669465,0.43967652320861816,0.0,0.0,0.0,0.0,0.04142215847969055
1727706454.4164045,0.43614572286605835,0.0,0.0,0.0,0.0,0.037869472056627274
1727706454.4652023,0.437252402305603,0.0,0.0,0.0,0.0,0.040723010897636414
1727706454.5465748,0.43644842505455017,0.0,0.0,0.0,0.0,0.04068373516201973
1727706454.6072152,0.4374729096889496,0.0,0.0,0.0,0.0,0.040006544440984726
1727706454.616058,0.4289115369319916,0.0,0.0,0.0,0.0,0.030608318746089935
1727706454.6961265,0.0,0.0,0.0,0.0,0.0,0.0
1727706454.7150826,0.0,0.0,0.0,0.0,0.0,0.0
1727706454.7652965,0.0,0.0,0.0,0.0,0.0,0.0
1727706454.8153234,0.0,0.0,0.0,0.0,0.0,0.0
1727706454.8656297,0.0,0.0,0.0,0.0,0.0,0.0
1727706454.9252315,0.0,0.0,0.0,0.0,0.0,0.0
1727706454.975358,0.39440852403640747,0.0,0.0,0.0,0.0,0.11099831759929657
1727706455.0690787,0.3767709732055664,0.0,0.0,0.0,0.0,0.10319296270608902
1727706455.0691128,0.3657439649105072,0.0,0.0,0.0,0.0,0.09437250345945358
1727706455.1257272,0.3657439649105072,0.0,0.0,0.0,0.0,0.09437250345945358
1727706455.1652584,0.3270653784275055,0.0,0.0,0.0,0.0,0.08828105032444
1727706455.2153347,0.3156014680862427,0.0,0.0,0.0,0.0,0.08845740556716919
1727706455.2654476,0.31049659848213196,0.0,0.0,0.0,0.0,0.08434392511844635
1727706455.3161929,0.3105473518371582,0.0,0.0,0.0,0.0,0.08460278809070587
1727706455.3958466,0.31768137216567993,0.0,0.0,0.0,0.0,0.06861010193824768
1727706455.4150739,0.32422342896461487,0.0,0.0,0.0,0.0,0.07174832373857498
1727706455.467226,0.32762494683265686,0.0,0.0,0.0,0.0,0.07087499648332596
1727706455.5152178,0.3332125246524811,0.0,0.0,0.0,0.0,0.07925361394882202
1727706455.565252,0.3375142216682434,0.0,0.0,0.0,0.0,0.08015476912260056
1727706455.6156042,0.3366616368293762,0.0,0.0,0.0,0.0,0.08762646466493607
1727706455.7063768,0.3382384181022644,0.0,0.0,0.0,0.0,0.09087434411048889
1727706455.7561128,0.3382384181022644,0.0,0.0,0.0,0.0,0.09087434411048889
1727706455.7666526,0.3382384181022644,0.0,0.0,0.0,0.0,0.09087434411048889
1727706455.8258219,0.3382384181022644,0.0,0.0,0.0,0.0,0.09087434411048889
1727706455.8652198,0.3327294588088989,0.0,0.0,0.0,0.0,0.08974680304527283
1727706455.9187636,0.3327294588088989,0.0,0.0,0.0,0.0,0.08974680304527283
1727706455.9651673,0.33191612362861633,0.0,0.0,0.0,0.0,0.08793947845697403
1727706456.015788,0.32771649956703186,0.0,0.0,0.0,0.0,0.08644488453865051
1727706456.0753727,0.32771649956703186,0.0,0.0,0.0,0.0,0.08644488453865051
1727706456.2392285,0.32877489924430847,0.0,0.0,0.0,0.0,0.0974351167678833
1727706456.2921333,0.31951481103897095,0.0,0.0,0.0,0.0,0.11434917151927948
1727706456.293066,0.3195391893386841,0.0,0.0,0.0,0.0,0.11724641174077988
1727706456.315289,0.31377819180488586,0.0,0.0,0.0,0.0,0.11331689357757568
1727706456.3692813,0.3140498995780945,0.0,0.0,0.0,0.0,0.11429433524608612
1727706456.41665,0.31277787685394287,0.0,0.0,0.0,0.0,0.11041998863220215
1727706456.4653733,0.3115963637828827,0.0,0.0,0.0,0.0,0.1059575155377388
1727706456.5356836,0.310853511095047,0.0,0.0,0.0,0.0,0.10568106174468994
1727706456.5656242,0.3058978319168091,0.0,0.0,0.0,0.0,0.11553679406642914
1727706456.6152549,0.3012547194957733,0.0,0.0,0.0,0.0,0.11608952283859253
1727706456.6652372,0.29969483613967896,0.0,0.0,0.0,0.0,0.11568594723939896
1727706456.7151892,0.29969483613967896,0.0,0.0,0.0,0.0,0.11568594723939896
1727706456.7667778,0.29969483613967896,0.0,0.0,0.0,0.0,0.11568594723939896
1727706456.8360515,0.29969483613967896,0.0,0.0,0.0,0.0,0.11568594723939896
1727706456.8857968,0.29698535799980164,0.0,0.0,0.0,0.0,0.11877620965242386
1727706456.946507,0.29220470786094666,0.0,0.0,0.0,0.0,0.11226647347211838
1727706456.96592,0.28502097725868225,0.0,0.0,0.0,0.0,0.11304574459791183
1727706457.0158165,0.2756751775741577,0.0,0.0,0.0,0.0,0.10682985186576843
1727706457.065417,0.2756751775741577,0.0,0.0,0.0,0.0,0.10682985186576843
1727706457.115656,0.2707582712173462,0.0,0.0,0.0,0.0,0.10818555951118469
1727706457.2081058,0.2683503329753876,0.0,0.0,0.0,0.0,0.11081312596797943
1727706457.2974472,0.14335033297538757,0.0,0.0,0.0,0.0,0.0
1727706457.2982845,0.018350332975387573,0.0,0.0,0.0,0.0,0.0
1727706457.3568559,0.0,0.0,0.0,0.0,0.0,0.0
1727706457.3648314,0.0,0.0,0.0,0.0,0.0,0.0
1727706457.4151866,0.0,0.0,0.0,0.0,0.0,0.0
1727706457.4652672,0.0,0.0,0.0,0.0,0.0,0.0
1727706457.5567627,0.0,0.0,0.0,0.0,0.0,0.0
1727706457.5650272,0.0,0.0,0.0,0.0,0.0,0.0
1727706457.6152637,0.0,0.0,0.0,0.0,0.0,0.0
1727706457.6649652,0.0,0.0,0.0,0.0,0.0,0.0
1727706457.7163177,0.0,0.0,0.0,0.0,0.0,0.0
1727706457.785555,0.0,0.0,0.0,0.0,0.0,0.0
1727706457.8371532,0.0,0.0,0.0,0.0,0.0,0.0
1727706457.8855019,0.0,0.0,0.0,0.0,0.0,0.0
1727706457.9562442,0.0,0.0,0.0,0.0,0.0,-0.16
1727706457.9653044,0.0,0.0,0.0,0.0,0.0,-0.16000000000000003
1727706458.0152276,0.0,0.0,0.0,0.0,0.0,-0.16000000000000003
1727706458.068584,0.0,0.0,0.0,0.0,0.0,-0.16000000000000003
1727706458.115094,0.0,0.0,0.0,0.0,0.0,-0.16000000000000003
1727706458.1967428,0.0,0.0,0.0,0.0,0.0,-0.18895880697633302
1727706458.312375,0.0,0.0,0.0,0.0,0.0,-0.26556543330369453
1727706458.3496275,0.0,0.0,0.0,0.0,0.0,-0.26556543330369453
1727706458.3512542,0.0,0.0,0.0,0.0,0.0,-0.26556543330369453
1727706458.3651447,0.0,0.0,0.0,0.0,0.0,-0.3281897002664873
1727706458.415682,0.125,0.0,0.0,0.0,0.0,-0.1681897002664873
1727706458.465119,0.21005754172801971,0.0,0.0,0.0,0.0,-0.08333904296159744
1727706458.5176506,0.19456209242343903,0.0,0.0,0.0,0.0,-0.15974433720111847
1727706458.5860534,0.17159497737884521,0.0,0.0,0.0,0.0,-0.26445409655570984
1727706458.6150362,0.17172624170780182,0.0,0.0,0.0,0.0,-0.27503761649131775
1727706458.6653893,0.17172624170780182,0.0,0.0,0.0,0.0,-0.27503761649131775
1727706458.715209,0.17078891396522522,0.0,0.0,0.0,0.0,-0.2833337187767029
1727706458.7657878,0.17441831529140472,0.0,0.0,0.0,0.0,-0.27499592304229736
1727706458.834587,0.17360179126262665,0.0,0.0,0.0,0.0,-0.2723368704319
1727706458.8752275,0.1870090663433075,0.0,0.0,0.0,0.0,-0.2688573896884918
1727706458.9455647,0.0,0.0,0.0,0.0,0.0,-0.0
1727706459.006217,0.062009066343307495,0.0,0.0,0.0,0.0,-0.42885738968849185
1727706459.0155458,0.0,0.0,0.0,0.0,0.0,-0.43147643339404085
1727706459.0658216,0.0,0.0,0.0,0.0,0.0,-0.42263082509049904
1727706459.1168292,0.0,0.0,0.0,0.0,0.0,-0.42263082509049904
1727706459.1657958,0.0,0.0,0.0,0.0,0.0,-0.42263082509049904
1727706459.2663486,0.0,0.0,0.0,0.0,0.0,-0.42263082509049904
1727706459.2671041,0.0,0.0,0.0,0.0,0.0,-0.42263082509049904
1727706459.3569443,0.0,0.0,0.0,0.0,0.0,-0.41044461804345866
1727706459.3967586,0.0,0.0,0.0,0.0,0.0,-0.43776968094745833
1727706459.4154062,0.0,0.0,0.0,0.0,0.0,-0.5598498245706653
1727706459.4653845,0.0,0.0,0.0,0.0,0.0,-0.5598498245706653
1727706459.515917,0.0,0.0,0.0,0.0,0.0,-0.5598498245706653
1727706459.5654705,0.0,0.0,0.0,0.0,0.0,-0.5598498245706653
1727706459.6354952,0.0,0.0,0.0,0.0,0.0,-0.5598498245706653
1727706459.665333,0.0,0.0,0.0,0.0,0.0,-0.6702136417913971
1727706459.7155735,0.0,0.0,0.0,0.0,0.0,-0.6702136417913971
1727706459.765507,0.0,0.0,0.0,0.0,0.0,-0.6702136417913971
1727706459.815659,0.0,0.0,0.0,0.0,0.0,-0.6702136417913971
1727706459.8652396,0.0,0.0,0.0,0.0,0.0,-0.6702136417913971
1727706459.935744,0.0,0.0,0.0,0.0,0.0,-0.6702136417913971
1727706460.0271153,0.0,0.0,0.0,0.0,0.0,-0.7446001305756874
1727706460.0815277,0.0,0.0,0.0,0.0,0.0,-0.7446001305756874
1727706460.0816178,0.0,0.0,0.0,0.0,0.0,-0.0
1727706460.1183062,0.0,0.0,0.0,0.0,0.0,-0.0
1727706460.1648738,0.0,0.0,0.0,0.0,0.0,-0.0
1727706460.2150223,0.0,0.0,0.0,0.0,0.0,-0.0
1727706460.265446,0.0,0.0,0.0,0.0,0.0,-0.0
1727706460.3663628,0.0,0.0,0.0,0.0,0.0,-0.0
1727706460.480539,0.0,0.0,0.0,0.0,0.0,-0.0
1727706460.4821155,0.07375118136405945,0.0,0.0,0.0,0.0,-0.4462486803531647
1727706460.5459316,0.06873342394828796,0.0,0.0,0.0,0.0,-0.4193550944328308
1727706460.565099,0.06706144660711288,0.0,0.0,0.0,0.0,-0.3444270193576813
1727706460.6167743,0.08519741892814636,0.0,0.0,0.0,0.0,-0.2728586792945862
1727706460.6657736,0.10027074813842773,0.0,0.0,0.0,0.0,-0.22006499767303467
1727706460.7155488,0.1157047227025032,0.0,0.0,0.0,0.0,-0.18061070144176483
1727706460.7862968,0.13797888159751892,0.0,0.0,0.0,0.0,-0.1310519427061081
1727706460.815863,0.153102308511734,0.0,0.0,0.0,0.0,-0.11952367424964905
1727706460.8663144,0.153102308511734,0.0,0.0,0.0,0.0,-0.11952367424964905
1727706460.9160678,0.1665206253528595,0.0,0.0,0.0,0.0,-0.10853266716003418
1727706460.9651515,0.1812884360551834,0.0,0.0,0.0,0.0,-0.09387139976024628
1727706461.0155828,0.05628843605518341,0.0,0.0,0.0,0.0,-0.2538713997602463
1727706461.0652235,0.0,0.0,0.0,0.0,0.0,-0.3762798164677381
1727706461.1254232,0.0,0.0,0.0,0.0,0.0,-0.33630588565172537
1727706461.1860733,0.0,0.0,0.0,0.0,0.0,-0.2984389927417991
1727706461.216023,0.0,0.0,0.0,0.0,0.0,-0.3430693660967925
1727706461.2682493,0.0,0.0,0.0,0.0,0.0,-0.3430693660967925
1727706461.3155205,0.0,0.0,0.0,0.0,0.0,-0.3430693660967925
1727706461.3652709,0.0,0.0,0.0,0.0,0.0,-0.3430693660967925
1727706461.4558563,0.0,0.0,0.0,0.0,0.0,-0.3430693660967925
1727706461.568573,0.0,0.0,0.0,0.0,0.0,-0.41279322815182273
1727706461.5737653,0.0,0.0,0.0,0.0,0.0,-0.41279322815182273
1727706461.6157115,0.0,0.0,0.0,0.0,0.0,-0.5021405556918203
1727706461.665094,0.0,0.0,0.0,0.0,0.0,-0.5195011980855011
1727706461.7169716,0.0,0.0,0.0,0.0,0.0,-0.5195011980855011
1727706461.7653046,0.0,0.0,0.0,0.0,0.0,-0.5195011980855011
1727706461.8262846,0.0,0.0,0.0,0.0,0.0,-0.5195011980855011
1727706461.8876636,0.0,0.0,0.0,0.0,0.0,-0.5195011980855011
1727706461.91543,0.0,0.0,0.0,0.0,0.0,-0.6523175872835396
1727706461.9651327,0.0,0.0,0.0,0.0,0.0,-0.6523175872835396
1727706462.0157623,0.0,0.0,0.0,0.0,0.0,-0.6523175872835396
1727706462.0652273,0.0,0.0,0.0,0.0,0.0,-0.6523175872835396
1727706462.1593456,0.0,0.0,0.0,0.0,0.0,-0.6523175872835396
1727706462.2368126,0.0,0.0,0.0,0.0,0.0,-0.707208050530624
1727706462.2396,0.0,0.0,0.0,0.0,0.0,-0.707208050530624
1727706462.299398,0.0,0.0,0.0,0.0,0.0,-0.7727749857813822
1727706462.3158307,0.0,0.0,0.0,0.0,0.0,-0.8324097665032536
1727706462.3676074,0.0,0.0,0.0,0.0,0.0,-0.8324097665032536
1727706462.4151592,0.0,0.0,0.0,0.0,0.0,-0.8324097665032536
1727706462.4670935,0.0,0.0,0.0,0.0,0.0,-0.8324097665032536
1727706462.5379872,0.0,0.0,0.0,0.0,0.0,-0.8324097665032536
1727706462.5854716,0.0,0.0,0.0,0.0,0.0,-0.8872793839181431
1727706462.640312,0.0,0.0,0.0,0.0,0.0,-0.9566970537350952
1727706462.6653416,0.0,0.0,0.0,0.0,0.0,-1.012464946972325
1727706462.7152438,0.0,0.0,0.0,0.0,0.0,-1.012464946972325
1727706462.7655835,0.0,0.0,0.0,0.0,0.0,-1.012464946972325
1727706462.8165503,0.0,0.0,0.0,0.0,0.0,-1.012464946972325
1727706462.8870225,0.0,0.0,0.0,0.0,0.0,-1.012464946972325
1727706462.9353025,0.0,0.0,0.0,0.0,0.0,-0.0
1727706462.9649127,0.0,0.0,0.0,0.0,0.0,-0.0
1727706463.0164928,0.0,0.0,0.0,0.0,0.0,-0.0
1727706463.0651858,0.0,0.0,0.0,0.0,0.0,-0.0
1727706463.1152318,0.0,0.0,0.0,0.0,0.0,-0.0
1727706463.1653733,0.0,0.0,0.0,0.0,0.0,-0.0
1727706463.2254493,0.0,0.0,0.0,0.0,0.0,-1.1365228997083894
1727706463.307738,0.125,0.0,0.0,0.0,0.0,-0.9765228997083893
1727706463.3569949,0.14237801730632782,0.0,0.0,0.0,0.0,-0.8165228997083893
1727706463.3661506,0.14237801730632782,0.0,0.0,0.0,0.0,-0.6934676170349121
1727706463.4151022,0.18245741724967957,0.0,0.0,0.0,0.0,-0.664414644241333
1727706463.4652748,0.18245741724967957,0.0,0.0,0.0,0.0,-0.664414644241333
1727706463.5153658,0.20236730575561523,0.0,0.0,0.0,0.0,-0.6446259021759033
1727706463.5655525,0.21522532403469086,0.0,0.0,0.0,0.0,-0.6332671046257019
1727706463.6361496,0.24501952528953552,0.0,0.0,0.0,0.0,-0.6047912240028381
1727706463.685409,0.26912686228752136,0.0,0.0,0.0,0.0,-0.5936440825462341
1727706463.7472184,0.26912686228752136,0.0,0.0,0.0,0.0,-0.5936440825462341
1727706463.765085,0.3024185597896576,0.0,0.0,0.0,0.0,-0.5611072778701782
1727706463.8152514,0.3316601812839508,0.0,0.0,0.0,0.0,-0.5241564512252808
1727706463.8655355,0.3654138743877411,0.0,0.0,0.0,0.0,-0.5123854279518127
1727706463.9569995,0.3786084055900574,0.0,0.0,0.0,0.0,-0.5166970491409302
1727706464.016218,0.3937664031982422,0.0,0.0,0.0,0.0,-0.5083960890769958
1727706464.0171082,0.40318724513053894,0.0,0.0,0.0,0.0,-0.48675763607025146
1727706464.065448,0.40318724513053894,0.0,0.0,0.0,0.0,-0.48675763607025146
1727706464.1153145,0.41927221417427063,0.0,0.0,0.0,0.0,-0.4531916081905365
1727706464.1662047,0.4463281035423279,0.0,0.0,0.0,0.0,-0.3135814368724823
1727706464.215203,0.4521116614341736,0.0,0.0,0.0,0.0,-0.29610776901245117
1727706464.2753808,0.4521116614341736,0.0,0.0,0.0,0.0,-0.29610776901245117
1727706464.3256028,0.464993953704834,0.0,0.0,0.0,0.0,-0.2786848247051239
1727706464.4172857,0.46667367219924927,0.0,0.0,0.0,0.0,-0.2532074749469757
1727706464.418986,0.46529194712638855,0.0,0.0,0.0,0.0,-0.23678185045719147
1727706464.4761395,0.46529194712638855,0.0,0.0,0.0,0.0,-0.23678185045719147
1727706464.5150323,0.4662383496761322,0.0,0.0,0.0,0.0,-0.14554238319396973
1727706464.5652697,0.47616323828697205,0.0,0.0,0.0,0.0,-0.12736177444458008
1727706464.6157477,0.47616323828697205,0.0,0.0,0.0,0.0,-0.12736177444458008
1727706464.6677222,0.4853576421737671,0.0,0.0,0.0,0.0,-0.11526881903409958
1727706464.7385142,0.4992583394050598,0.0,0.0,0.0,0.0,-0.10149218142032623
1727706464.7960844,0.4992583394050598,0.0,0.0,0.0,0.0,-0.10149218142032623
1727706464.8463402,0.5,0.0,0.0,0.0,0.0,-0.04367285594344139
1727706464.8651752,0.5,0.0,0.0,0.0,0.0,-0.04367285594344139
1727706464.9163969,0.5,0.0,0.0,0.0,0.0,-0.021305769681930542
1727706464.9653842,0.5,0.0,0.0,0.0,0.0,-0.01715751551091671
1727706465.0155191,0.49996310472488403,0.0,0.0,0.0,0.0,-0.013181360438466072
1727706465.0960963,0.4999193549156189,0.0,0.0,0.0,0.0,-0.006964456290006638
1727706465.1797233,0.4983522891998291,0.0,0.0,0.0,0.0,-0.08850763738155365
1727706465.17988,0.4983522891998291,0.0,0.0,0.0,0.0,-0.08850763738155365
1727706465.2155812,0.49975866079330444,0.0,0.0,0.0,0.0,-0.11886796355247498
1727706465.2658396,0.49975866079330444,0.0,0.0,0.0,0.0,-0.11886796355247498
1727706465.315726,0.5,0.0,0.0,0.0,0.0,-0.10464320331811905
1727706465.3651254,0.49993014335632324,0.0,0.0,0.0,0.0,-0.09364552050828934
1727706465.447354,0.5,0.0,0.0,0.0,0.0,-0.09023281186819077
1727706465.549195,0.5,0.0,0.0,0.0,0.0,-0.09874531626701355
1727706465.550236,0.5,0.0,0.0,0.0,0.0,-0.10319574177265167
1727706465.5959451,0.5,0.0,0.0,0.0,0.0,-0.09915678203105927
1727706465.616964,0.49999988079071045,0.0,0.0,0.0,0.0,-0.10742276906967163
1727706465.665522,0.4999998211860657,0.0,0.0,0.0,0.0,-0.10560397058725357
1727706465.7156062,0.5,0.0,0.0,0.0,0.0,-0.11101481318473816
1727706465.7673352,0.5,0.0,0.0,0.0,0.0,-0.11101481318473816
1727706465.8562653,0.49983227252960205,0.0,0.0,0.0,0.0,-0.12161549925804138
1727706465.8672218,0.49983227252960205,0.0,0.0,0.0,0.0,-0.12161549925804138
1727706465.9577968,0.499306857585907,0.0,0.0,0.0,0.0,-0.12299641966819763
1727706465.9652994,0.49944204092025757,0.0,0.0,0.0,0.0,-0.11773325502872467
1727706466.0158238,0.4998282790184021,0.0,0.0,0.0,0.0,-0.10998186469078064
1727706466.0663884,0.5,0.0,0.0,0.0,0.0,-0.11402807384729385
1727706466.114852,0.5,0.0,0.0,0.0,0.0,-0.11967594921588898
1727706466.1859953,0.5,0.0,0.0,0.0,0.0,-0.11967594921588898
1727706466.259156,0.5,0.0,0.0,0.0,0.0,-0.15823394060134888
1727706466.2692008,0.4999127984046936,0.0,0.0,0.0,0.0,-0.18252822756767273
1727706466.3157074,0.4999127984046936,0.0,0.0,0.0,0.0,-0.18252822756767273
1727706466.3660564,0.49498146772384644,0.0,0.0,0.0,0.0,-0.1811436414718628
1727706466.4156022,0.49492815136909485,0.0,0.0,0.0,0.0,-0.18985342979431152
1727706466.4658573,0.49519187211990356,0.0,0.0,0.0,0.0,-0.18506614863872528
1727706466.535424,0.496672123670578,0.0,0.0,0.0,0.0,-0.18806801736354828
1727706466.6168153,0.4991750121116638,0.0,0.0,0.0,0.0,-0.1878856122493744
1727706466.618011,0.5,0.0,0.0,0.0,0.0,-0.1801510453224182
1727706466.6770778,0.5,0.0,0.0,0.0,0.0,-0.1801510453224182
1727706466.7162025,0.5,0.0,0.0,0.0,0.0,-0.17230172455310822
1727706466.7654922,0.5,0.0,0.0,0.0,0.0,-0.16789542138576508
1727706466.815863,0.5,0.0,0.0,0.0,0.0,-0.16885167360305786
1727706466.8661919,0.5,0.0,0.0,0.0,0.0,-0.16885167360305786
1727706466.9354854,0.49998611211776733,0.0,0.0,0.0,0.0,-0.16648328304290771
1727706466.9856508,0.49998611211776733,0.0,0.0,0.0,0.0,-0.16648328304290771
1727706467.0355706,0.49947482347488403,0.0,0.0,0.0,0.0,-0.15951649844646454
1727706467.0663102,0.49947482347488403,0.0,0.0,0.0,0.0,-0.15951649844646454
1727706467.1156788,0.4984215497970581,0.0,0.0,0.0,0.0,-0.14846904575824738
1727706467.1652083,0.4989077150821686,0.0,0.0,0.0,0.0,-0.14923414587974548
1727706467.2151983,0.4980476498603821,0.0,0.0,0.0,0.0,-0.07019183039665222
1727706467.2649229,0.0,0.0,0.0,0.0,0.0,-0.0
1727706467.3266382,0.4983929395675659,0.0,0.0,0.0,0.0,-0.01969117671251297
1727706467.3860605,0.4983929395675659,0.0,0.0,0.0,0.0,-0.01969117671251297
1727706467.4152267,0.49346858263015747,0.0,0.0,0.0,0.0,-0.024833736941218376
1727706467.466433,0.48681193590164185,0.0,0.0,0.0,0.0,-0.019974200055003166
1727706467.516054,0.48504483699798584,0.0,0.0,0.0,0.0,-0.024882890284061432
1727706467.565284,0.48320233821868896,0.0,0.0,0.0,0.0,-0.026305511593818665
1727706467.6610804,0.49070751667022705,0.0,0.0,0.0,0.0,-0.027245763689279556
1727706467.7379162,0.4963298439979553,0.0,0.0,0.0,0.0,-0.03377194702625275
1727706467.7389855,0.5,0.0,0.0,0.0,0.0,0.0057224128395318985
1727706467.7859263,0.5,0.0,0.0,0.0,0.0,0.0057224128395318985
1727706467.8162708,0.5,0.0,0.0,0.0,0.0,0.02091253735125065
1727706467.865174,0.5,0.0,0.0,0.0,0.0,0.03676525503396988
1727706467.9155784,0.5,0.0,0.0,0.0,0.0,0.03583329916000366
1727706467.965772,0.5,0.0,0.0,0.0,0.0,0.03261518105864525
1727706468.0684,0.4999837875366211,0.0,0.0,0.0,0.0,0.03760088235139847
1727706468.0705457,0.4999837875366211,0.0,0.0,0.0,0.0,0.03760088235139847
1727706468.1168253,0.49999117851257324,0.0,0.0,0.0,0.0,0.04218502342700958
1727706468.165246,0.49999719858169556,0.0,0.0,0.0,0.0,0.052300695329904556
1727706468.2163124,0.5,0.0,0.0,0.0,0.0,0.059160083532333374
1727706468.265501,0.5,0.0,0.0,0.0,0.0,0.048127222806215286
1727706468.31548,0.5,0.0,0.0,0.0,0.0,0.04141830652952194
1727706468.3852952,0.5,0.0,0.0,0.0,0.0,0.04558360204100609
1727706468.439474,0.4998627305030823,0.0,0.0,0.0,0.0,0.05516917631030083
1727706468.4990196,0.0,0.0,0.0,0.0,0.0,0.0
1727706468.5155537,0.0,0.0,0.0,0.0,0.0,0.0
1727706468.564678,0.0,0.0,0.0,0.0,0.0,0.0
1727706468.6150706,0.0,0.0,0.0,0.0,0.0,0.0
1727706468.6653268,0.0,0.0,0.0,0.0,0.0,0.0
1727706468.7157116,0.0,0.0,0.0,0.0,0.0,0.0
1727706468.7958088,0.49317991733551025,0.0,0.0,0.0,0.0,0.05792388319969177
1727706468.8871245,0.47995859384536743,0.0,0.0,0.0,0.0,0.06081259623169899
1727706468.9439275,0.47995859384536743,0.0,0.0,0.0,0.0,0.06081259623169899
1727706468.944078,0.4570680856704712,0.0,0.0,0.0,0.0,0.06668806821107864
1727706468.965324,0.4570680856704712,0.0,0.0,0.0,0.0,0.06668806821107864
1727706469.0163713,0.44211545586586,0.0,0.0,0.0,0.0,0.058243684470653534
1727706469.065535,0.44211545586586,0.0,0.0,0.0,0.0,0.058243684470653534
1727706469.1158562,0.43948763608932495,0.0,0.0,0.0,0.0,0.054832473397254944
1727706469.185573,0.43711158633232117,0.0,0.0,0.0,0.0,0.058622442185878754
1727706469.2153227,0.44250965118408203,0.0,0.0,0.0,0.0,0.06241166591644287
1727706469.2653596,0.45148855447769165,0.0,0.0,0.0,0.0,0.031286004930734634
1727706469.3152883,0.45177900791168213,0.0,0.0,0.0,0.0,0.021306166425347328
1727706469.365315,0.45177900791168213,0.0,0.0,0.0,0.0,0.021306166425347328
1727706469.4152277,0.4548204839229584,0.0,0.0,0.0,0.0,0.013173294253647327
1727706469.5005014,0.457610160112381,0.0,0.0,0.0,0.0,0.011307868175208569
1727706469.51538,0.45472022891044617,0.0,0.0,0.0,0.0,0.011099149473011494
1727706469.5649846,0.44879552721977234,0.0,0.0,0.0,0.0,0.005107122473418713
1727706469.6254163,0.44879552721977234,0.0,0.0,0.0,0.0,0.005107122473418713
1727706469.6653333,0.44480597972869873,0.0,0.0,0.0,0.0,0.002314232522621751
1727706469.716043,0.4419916272163391,0.0,0.0,0.0,0.0,-0.00017524795839563012
1727706469.7656732,0.44166213274002075,0.0,0.0,0.0,0.0,-1.5957237337715924e-05
1727706469.8153503,0.44095027446746826,0.0,0.0,0.0,0.0,-0.0019309447379782796
1727706469.8657331,0.4458332061767578,0.0,0.0,0.0,0.0,-0.010618047788739204
1727706469.916204,0.0,0.0,0.0,0.0,0.0,-0.0
1727706470.0167406,0.0,0.0,0.0,0.0,0.0,-0.0
1727706470.0614655,0.0,0.0,0.0,0.0,0.0,0.0
1727706470.0654776,0.43029502034187317,0.0,0.0,0.0,0.0,0.00027989025693386793
1727706470.1158326,0.43029502034187317,0.0,0.0,0.0,0.0,0.00027989025693386793
1727706470.16652,0.4138992428779602,0.0,0.0,0.0,0.0,-0.00543724000453949
1727706470.215849,0.39167070388793945,0.0,0.0,0.0,0.0,0.05892452597618103
1727706470.2655451,0.3825613856315613,0.0,0.0,0.0,0.0,0.09477956593036652
1727706470.315736,0.3825613856315613,0.0,0.0,0.0,0.0,0.09477956593036652
1727706470.3712785,0.367266982793808,0.0,0.0,0.0,0.0,0.11342498660087585
1727706470.4152772,0.35713696479797363,0.0,0.0,0.0,0.0,0.12736846506595612
1727706470.465874,0.34739401936531067,0.0,0.0,0.0,0.0,0.12941785156726837
1727706470.5180206,0.34059032797813416,0.0,0.0,0.0,0.0,0.12537653744220734
1727706470.565326,0.3384636342525482,0.0,0.0,0.0,0.0,0.12027540802955627
1727706470.6263235,0.33812737464904785,0.0,0.0,0.0,0.0,0.11506181955337524
1727706470.6755238,0.33801719546318054,0.0,0.0,0.0,0.0,0.17679640650749207
1727706470.746101,0.33801719546318054,0.0,0.0,0.0,0.0,0.17679640650749207
1727706470.7649968,0.3339713215827942,0.0,0.0,0.0,0.0,0.21408189833164215
1727706470.8227265,0.3339713215827942,0.0,0.0,0.0,0.0,0.21408189833164215
1727706470.8660243,0.32924214005470276,0.0,0.0,0.0,0.0,0.21890434622764587
1727706470.9154649,0.3333604335784912,0.0,0.0,0.0,0.0,0.22058776021003723
1727706470.9666235,0.33551687002182007,0.0,0.0,0.0,0.0,0.22283519804477692
1727706471.0356011,0.3347037732601166,0.0,0.0,0.0,0.0,0.22582030296325684
1727706471.1370509,0.3306989073753357,0.0,0.0,0.0,0.0,0.23740775883197784
1727706471.1382322,0.32685765624046326,0.0,0.0,0.0,0.0,0.24297329783439636
1727706471.185601,0.32685765624046326,0.0,0.0,0.0,0.0,0.24297329783439636
1727706471.2152653,0.32672855257987976,0.0,0.0,0.0,0.0,0.2469944953918457
1727706471.265124,0.3263395130634308,0.0,0.0,0.0,0.0,0.2509326636791229
1727706471.3192797,0.33058246970176697,0.0,0.0,0.0,0.0,0.21669912338256836
1727706471.3654554,0.33524543046951294,0.0,0.0,0.0,0.0,0.19571319222450256
1727706471.4663754,0.3374955952167511,0.0,0.0,0.0,0.0,0.18527789413928986
1727706471.4676821,0.335746705532074,0.0,0.0,0.0,0.0,0.17888619005680084
1727706471.5161154,0.33474668860435486,0.0,0.0,0.0,0.0,0.1771005392074585
1727706471.5698283,0.3347192704677582,0.0,0.0,0.0,0.0,0.17719851434230804
1727706471.6156583,0.3351885676383972,0.0,0.0,0.0,0.0,0.17362113296985626
1727706471.6655657,0.33517223596572876,0.0,0.0,0.0,0.0,0.17426583170890808
1727706471.7564313,0.33480992913246155,0.0,0.0,0.0,0.0,0.17305812239646912
1727706471.8055527,0.3343203365802765,0.0,0.0,0.0,0.0,0.1290431171655655
1727706471.8149834,0.3386528193950653,0.0,0.0,0.0,0.0,0.10654160380363464
1727706471.876859,0.3386528193950653,0.0,0.0,0.0,0.0,0.10654160380363464
1727706471.916297,0.33477723598480225,0.0,0.0,0.0,0.0,0.08725179731845856
1727706471.9654572,0.33477723598480225,0.0,0.0,0.0,0.0,0.08725179731845856
1727706472.015131,0.330902636051178,0.0,0.0,0.0,0.0,0.09758049994707108
1727706472.0655944,0.330902636051178,0.0,0.0,0.0,0.0,0.09758049994707108
1727706472.1356413,0.3273242115974426,0.0,0.0,0.0,0.0,0.09417171776294708
1727706472.2150729,0.280551016330719,0.0,0.0,0.0,0.0,0.011438271030783653
1727706472.2164829,0.3273242115974426,0.0,0.0,0.0,0.0,0.09417171776294708
1727706472.2175345,0.32095658779144287,0.0,0.0,0.0,0.0,0.07605694979429245
1727706472.2527282,0.27427196502685547,0.0,0.0,0.0,0.0,0.002076539443805814
1727706472.2765484,0.32095658779144287,0.0,0.0,0.0,0.0,0.07605694979429245
1727706472.3040924,0.270977258682251,0.0,0.0,0.0,0.0,0.0008638728759251535
1727706472.3158777,0.3197760283946991,0.0,0.0,0.0,0.0,0.06799429655075073
1727706472.3534868,0.2707807719707489,0.0,0.0,0.0,0.0,-0.0015656999312341213
1727706472.3655832,0.3197760283946991,0.0,0.0,0.0,0.0,0.06799429655075073
1727706472.4153612,0.3197760283946991,0.0,0.0,0.0,0.0,0.06799429655075073
1727706472.4432542,0.2711864709854126,0.0,0.0,0.0,0.0,-0.0010750244837254286
1727706472.4665134,0.3197760283946991,0.0,0.0,0.0,0.0,0.06799429655075073
1727706472.5252986,0.3197760283946991,0.0,0.0,0.0,0.0,0.06799429655075073
1727706472.5456746,0.2691041827201843,0.0,0.0,0.0,0.0,-0.005830677226185799
1727706472.5658116,0.31434983015060425,0.0,0.0,0.0,0.0,0.05930593982338905
1727706472.5921052,0.2644662857055664,0.0,0.0,0.0,0.0,-0.008519556373357773
1727706472.5932791,0.2594374716281891,0.0,0.0,0.0,0.0,-0.00863841362297535
1727706472.6027188,0.2542266845703125,0.0,0.0,0.0,0.0,-0.009952368214726448
1727706472.6175551,0.30849286913871765,0.0,0.0,0.0,0.0,0.047429442405700684
1727706472.6525762,0.1292266845703125,0.0,0.0,0.0,0.0,0.0
1727706472.6657283,0.30621498823165894,0.0,0.0,0.0,0.0,0.04406262934207916
1727706472.7030203,0.0042266845703125,0.0,0.0,0.0,0.0,0.0
1727706472.7167592,0.30621498823165894,0.0,0.0,0.0,0.0,0.04406262934207916
1727706472.7531586,0.0,0.0,0.0,0.0,0.0,0.0
1727706472.7652323,0.3032330274581909,0.0,0.0,0.0,0.0,0.0351383350789547
1727706472.8232949,0.0,0.0,0.0,0.0,0.0,0.0
1727706472.8523414,0.0,0.0,0.0,0.0,0.0,0.0
1727706472.8558521,0.3008347451686859,0.0,0.0,0.0,0.0,0.03089822269976139
1727706472.9041986,0.0,0.0,0.0,0.0,0.0,0.0
1727706472.906352,0.29880183935165405,0.0,0.0,0.0,0.0,0.030592720955610275
1727706472.9150352,0.29131895303726196,0.0,0.0,0.0,0.0,0.02304438315331936
1727706472.9524353,0.0,0.0,0.0,0.0,0.0,0.0
1727706472.9763157,0.28468313813209534,0.0,0.0,0.0,0.0,0.016005877405405045
1727706473.0026987,0.0,0.0,0.0,0.0,0.0,0.0
1727706473.0521839,0.0,0.0,0.0,0.0,0.0,0.0
1727706473.134222,0.0,0.0,0.0,0.0,0.0,0.0
1727706473.1833553,0.0,0.0,0.0,0.0,0.0,0.0
1727706473.2365367,0.0,0.0,0.0,0.0,0.0,0.0
1727706473.2521293,0.0,0.0,0.0,0.0,0.0,0.0
1727706473.3028965,0.0,0.0,0.0,0.0,0.0,0.0
1727706473.3594096,0.0,0.0,0.0,0.0,0.0,0.0
1727706473.4023142,0.0,0.0,0.0,0.0,0.0,0.0
1727706473.4520826,0.0,0.0,0.0,0.0,0.0,-0.0
1727706473.5122416,0.0,0.0,0.0,0.0,0.0,-0.0
1727706473.604882,0.1400473266839981,0.0,0.0,0.0,0.0,-0.07239700108766556
1727706473.605869,0.13710415363311768,0.0,0.0,0.0,0.0,-0.09018654376268387
1727706473.6633646,0.1461826115846634,0.0,0.0,0.0,0.0,-0.09974355250597
1727706473.7026806,0.1584220677614212,0.0,0.0,0.0,0.0,-0.10507135093212128
1727706473.752936,0.1720256805419922,0.0,0.0,0.0,0.0,-0.11466890573501587
1727706473.8088617,0.18414868414402008,0.0,0.0,0.0,0.0,-0.11219710111618042
1727706473.853993,0.1866176426410675,0.0,0.0,0.0,0.0,-0.11694178730249405
1727706473.9432302,0.18847410380840302,0.0,0.0,0.0,0.0,-0.11255759745836258
1727706473.9523137,0.20181488990783691,0.0,0.0,0.0,0.0,-0.10398034006357193
1727706474.0026371,0.20181488990783691,0.0,0.0,0.0,0.0,-0.10398034006357193
1727706474.0529113,0.2123706042766571,0.0,0.0,0.0,0.0,-0.10855773836374283
1727706474.1026545,0.21879462897777557,0.0,0.0,0.0,0.0,-0.11515378952026367
1727706474.1526687,0.2251376509666443,0.0,0.0,0.0,0.0,-0.11145750433206558
1727706474.24342,0.22881227731704712,0.0,0.0,0.0,0.0,-0.11230383813381195
1727706474.252357,0.23356086015701294,0.0,0.0,0.0,0.0,-0.11193159222602844
1727706474.3024998,0.23799049854278564,0.0,0.0,0.0,0.0,-0.1391640454530716
1727706474.3750129,0.2419782280921936,0.0,0.0,0.0,0.0,-0.15292172133922577
1727706474.4030814,0.257622092962265,0.0,0.0,0.0,0.0,-0.16187895834445953
1727706474.45259,0.2677234709262848,0.0,0.0,0.0,0.0,-0.17868542671203613
1727706474.5028522,0.24323901534080505,0.0,0.0,0.0,0.0,-0.21087825298309326
1727706474.5527341,0.217964306473732,0.0,0.0,0.0,0.0,-0.21537137031555176
1727706474.6035807,0.2084156721830368,0.0,0.0,0.0,0.0,-0.21841861307621002
1727706474.6742327,0.0,0.0,0.0,0.0,0.0,-0.0
1727706474.8062227,0.0,0.0,0.0,0.0,0.0,-0.0
1727706474.848803,0.0,0.0,0.0,0.0,0.0,-0.0
1727706474.853102,0.17504209280014038,0.0,0.0,0.0,0.0,-0.2983309030532837
1727706474.9033077,0.17838582396507263,0.0,0.0,0.0,0.0,-0.29840195178985596
1727706474.953803,0.18178221583366394,0.0,0.0,0.0,0.0,-0.29227784276008606
1727706475.0026236,0.20372170209884644,0.0,0.0,0.0,0.0,-0.310428649187088
1727706475.0626307,0.21668274700641632,0.0,0.0,0.0,0.0,-0.3200244605541229
1727706475.1128285,0.21921822428703308,0.0,0.0,0.0,0.0,-0.3239987790584564
1727706475.1525707,0.21782523393630981,0.0,0.0,0.0,0.0,-0.32514655590057373
1727706475.2030275,0.22518214583396912,0.0,0.0,0.0,0.0,-0.31040284037590027
1727706475.253765,0.22985774278640747,0.0,0.0,0.0,0.0,-0.30137839913368225
1727706475.3034654,0.22436341643333435,0.0,0.0,0.0,0.0,-0.2933151125907898
1727706475.3928769,0.21971642971038818,0.0,0.0,0.0,0.0,-0.29150471091270447
1727706475.4431615,0.21426762640476227,0.0,0.0,0.0,0.0,-0.29312416911125183
1727706475.4538448,0.08926762640476227,0.0,0.0,0.0,0.0,-0.40049617718977837
1727706475.5134063,0.0,0.0,0.0,0.0,0.0,-0.40049617718977837
1727706475.5525808,0.0,0.0,0.0,0.0,0.0,-0.445138956602501
1727706475.602762,0.0,0.0,0.0,0.0,0.0,-0.445138956602501
1727706475.65369,0.0,0.0,0.0,0.0,0.0,-0.445138956602501
1727706475.7021642,0.0,0.0,0.0,0.0,0.0,-0.445138956602501
1727706475.7838855,0.0,0.0,0.0,0.0,0.0,-0.445138956602501
1727706475.8643484,0.0,0.0,0.0,0.0,0.0,-0.44066442253068594
1727706475.8653815,0.0,0.0,0.0,0.0,0.0,-0.44066442253068594
1727706475.9128108,0.0,0.0,0.0,0.0,0.0,-0.44066442253068594
1727706475.9548233,0.0,0.0,0.0,0.0,0.0,-0.5650059139713481
1727706476.0026395,0.0,0.0,0.0,0.0,0.0,-0.5650059139713481
1727706476.0524964,0.0,0.0,0.0,0.0,0.0,-0.5650059139713481
1727706476.1566467,0.0,0.0,0.0,0.0,0.0,-0.5650059139713481
1727706476.1585507,0.0,0.0,0.0,0.0,0.0,-0.5650059139713481
1727706476.2027667,0.0,0.0,0.0,0.0,0.0,-0.0
1727706476.2523446,0.0,0.0,0.0,0.0,0.0,-0.0
1727706476.3030536,0.0,0.0,0.0,0.0,0.0,-0.0
1727706476.3530822,0.0,0.0,0.0,0.0,0.0,-0.0
1727706476.4032586,0.0,0.0,0.0,0.0,0.0,-0.0
1727706476.4830923,0.0,0.0,0.0,0.0,0.0,-0.0
1727706476.5797567,0.0,0.0,0.0,0.0,0.0,-0.5248130168717211
1727706476.6334605,0.0,0.0,0.0,0.0,0.0,-0.5248130168717211
1727706476.6353147,0.0,0.0,0.0,0.0,0.0,-0.5248130168717211
1727706476.6530967,0.125,0.0,0.0,0.0,0.0,-0.38995885848999023
1727706476.7028112,0.11507963389158249,0.0,0.0,0.0,0.0,-0.3574279546737671
1727706476.752595,0.10349616408348083,0.0,0.0,0.0,0.0,-0.3163679540157318
1727706476.8048542,0.05831777676939964,0.0,0.0,0.0,0.0,-0.285548597574234
1727706476.8526342,0.027891313657164574,0.0,0.0,0.0,0.0,-0.2626950144767761
1727706476.9235098,0.015875253826379776,0.0,0.0,0.0,0.0,-0.26054537296295166
1727706477.034552,0.005884030368179083,0.0,0.0,0.0,0.0,-0.24879997968673706
1727706477.081639,0.01026454009115696,0.0,0.0,0.0,0.0,-0.2958817780017853
1727706477.0817251,0.01026454009115696,0.0,0.0,0.0,0.0,-0.2958817780017853
1727706477.1026814,0.014818128198385239,0.0,0.0,0.0,0.0,-0.3278988301753998
1727706477.1525755,0.019088247790932655,0.0,0.0,0.0,0.0,-0.3522912263870239
1727706477.202801,0.052584562450647354,0.0,0.0,0.0,0.0,-0.3659931421279907
1727706477.2525287,0.07525409758090973,0.0,0.0,0.0,0.0,-0.3677690029144287
1727706477.334239,0.09831777960062027,0.0,0.0,0.0,0.0,-0.3725059926509857
1727706477.3527312,0.11591389775276184,0.0,0.0,0.0,0.0,-0.36445942521095276
1727706477.4037068,0.07040444016456604,0.0,0.0,0.0,0.0,-0.4249187707901001
1727706477.4524176,0.030256498605012894,0.0,0.0,0.0,0.0,-0.4201306700706482
1727706477.5027668,0.003941808361560106,0.0,0.0,0.0,0.0,-0.4124184846878052
1727706477.5535183,0.04258619621396065,0.0,0.0,0.0,0.0,-0.32831916213035583
1727706477.6358693,0.06862592697143555,0.0,0.0,0.0,0.0,-0.2679921090602875
1727706477.6833472,0.0,0.0,0.0,0.0,0.0,-0.0
1727706477.7349513,0.10660594701766968,0.0,0.0,0.0,0.0,-0.1977183073759079
1727706477.7531805,0.11156094074249268,0.0,0.0,0.0,0.0,-0.1773286759853363
1727706477.8023057,0.14716565608978271,0.0,0.0,0.0,0.0,-0.1458868384361267
1727706477.856689,0.14716565608978271,0.0,0.0,0.0,0.0,-0.1458868384361267
1727706477.903041,0.15987682342529297,0.0,0.0,0.0,0.0,-0.13407030701637268
1727706477.9523842,0.16987618803977966,0.0,0.0,0.0,0.0,-0.12242819368839264
1727706478.0332992,0.17767564952373505,0.0,0.0,0.0,0.0,-0.12256994843482971
1727706478.124497,0.18051236867904663,0.0,0.0,0.0,0.0,-0.10089734196662903
1727706478.1697829,0.1934969425201416,0.0,0.0,0.0,0.0,-0.07306557148694992
1727706478.1707976,0.20143629610538483,0.0,0.0,0.0,0.0,-0.05813790112733841
1727706478.2029479,0.21391132473945618,0.0,0.0,0.0,0.0,-0.04355836287140846
1727706478.2528505,0.22342342138290405,0.0,0.0,0.0,0.0,-0.029619581997394562
1727706478.3033228,0.2339705228805542,0.0,0.0,0.0,0.0,-0.02549658715724945
1727706478.3665254,0.23441137373447418,0.0,0.0,0.0,0.0,-0.01242874190211296
1727706478.4331179,0.23740154504776,0.0,0.0,0.0,0.0,0.006776144728064537
1727706478.4531844,0.23740154504776,0.0,0.0,0.0,0.0,0.006776144728064537
1727706478.50229,0.237557053565979,0.0,0.0,0.0,0.0,0.03038644604384899
1727706478.5526311,0.112557053565979,0.0,0.0,0.0,0.0,-0.129613553956151
1727706478.602313,0.0,0.0,0.0,0.0,0.0,-0.2090232202782656
1727706478.6571786,0.0,0.0,0.0,0.0,0.0,-0.2090232202782656
1727706478.7126312,0.0,0.0,0.0,0.0,0.0,-0.2090232202782656
1727706478.803421,0.0,0.0,0.0,0.0,0.0,-0.17407118421318502
1727706478.805931,0.0,0.0,0.0,0.0,0.0,-0.17407118421318502
1727706478.862671,0.0,0.0,0.0,0.0,0.0,-0.0
1727706478.9029064,0.0,0.0,0.0,0.0,0.0,-0.0
1727706478.9522982,0.0,0.0,0.0,0.0,0.0,-0.0
1727706479.0038598,0.0,0.0,0.0,0.0,0.0,-0.0
1727706479.0524673,0.0,0.0,0.0,0.0,0.0,-0.0
1727706479.112952,0.0,0.0,0.0,0.0,0.0,-0.26711067287590906
1727706479.2423844,0.0,0.0,0.0,0.0,0.0,-0.2821334035156494
1727706479.2802997,0.0,0.0,0.0,0.0,0.0,-0.2821334035156494
1727706479.2814147,0.0,0.0,0.0,0.0,0.0,-0.21007050243752545
1727706479.302463,0.0,0.0,0.0,0.0,0.0,-0.1786031859149096
1727706479.354743,0.0,0.0,0.0,0.0,0.0,-0.25500722244180984
1727706479.4029624,0.0,0.0,0.0,0.0,0.0,-0.25500722244180984
1727706479.4521341,0.0,0.0,0.0,0.0,0.0,-0.25500722244180984
1727706479.5130408,0.0,0.0,0.0,0.0,0.0,-0.25500722244180984
1727706479.552254,0.0,0.0,0.0,0.0,0.0,-0.40985560972839413
1727706479.6027515,0.0,0.0,0.0,0.0,0.0,-0.40985560972839413
1727706479.6563933,0.0,0.0,0.0,0.0,0.0,-0.40985560972839413
1727706479.7028055,0.0,0.0,0.0,0.0,0.0,-0.40985560972839413
1727706479.7964401,0.0,0.0,0.0,0.0,0.0,-0.40985560972839413
1727706479.8739934,0.0,0.0,0.0,0.0,0.0,-0.5127848834153494
1727706479.921002,0.0,0.0,0.0,0.0,0.0,-0.5127848834153494
1727706479.9212296,0.0,0.0,0.0,0.0,0.0,-0.5127848834153494
1727706479.9538362,0.0,0.0,0.0,0.0,0.0,-0.5873526522077483
1727706480.0025952,0.0,0.0,0.0,0.0,0.0,-0.5873526522077483
1727706480.0527143,0.0,0.0,0.0,0.0,0.0,-0.5873526522077483
1727706480.102608,0.0,0.0,0.0,0.0,0.0,-0.5873526522077483
1727706480.1941712,0.0,0.0,0.0,0.0,0.0,-0.5873526522077483
1727706480.2438116,0.0,0.0,0.0,0.0,0.0,-0.7302282861939675
1727706480.3040304,0.0,0.0,0.0,0.0,0.0,-0.7473518750729735
1727706480.3054004,0.0,0.0,0.0,0.0,0.0,-0.7473518750729735
1727706480.3522027,0.0,0.0,0.0,0.0,0.0,-0.7750897080685105
1727706480.4026434,0.0,0.0,0.0,0.0,0.0,-0.7750897080685105
1727706480.4520984,0.0,0.0,0.0,0.0,0.0,-0.7750897080685105
1727706480.513303,0.0,0.0,0.0,0.0,0.0,-0.7750897080685105
1727706480.5730495,0.0,0.0,0.0,0.0,0.0,-0.7750897080685105
1727706480.6027873,0.125,0.0,0.0,0.0,0.0,-0.6150897080685105
1727706480.6544964,0.2267792671918869,0.0,0.0,0.0,0.0,-0.45508970806851046
1727706480.7033675,0.2230103611946106,0.0,0.0,0.0,0.0,-0.5913026928901672
1727706480.7522962,0.23176003992557526,0.0,0.0,0.0,0.0,-0.6768411993980408
1727706480.8027968,0.24144965410232544,0.0,0.0,0.0,0.0,-0.632795512676239
1727706480.8829424,0.24738024175167084,0.0,0.0,0.0,0.0,-0.5942790508270264
1727706480.9856575,0.2546188533306122,0.0,0.0,0.0,0.0,-0.5470108985900879
1727706481.0291524,0.2708292603492737,0.0,0.0,0.0,0.0,-0.5085046291351318
1727706481.0305176,0.26579007506370544,0.0,0.0,0.0,0.0,-0.4875170588493347
1727706481.052615,0.2789011597633362,0.0,0.0,0.0,0.0,-0.47245877981185913
1727706481.1025465,0.29021933674812317,0.0,0.0,0.0,0.0,-0.4412437975406647
1727706481.1592276,0.303173691034317,0.0,0.0,0.0,0.0,-0.4203307032585144
1727706481.2025807,0.30779626965522766,0.0,0.0,0.0,0.0,-0.41001537442207336
1727706481.2627096,0.30615341663360596,0.0,0.0,0.0,0.0,-0.4018011689186096
1727706481.312944,0.3056221902370453,0.0,0.0,0.0,0.0,-0.39581865072250366
1727706481.363528,0.3070683777332306,0.0,0.0,0.0,0.0,-0.36503854393959045
1727706481.4128187,0.31644773483276367,0.0,0.0,0.0,0.0,-0.3251586854457855
1727706481.452716,0.32608136534690857,0.0,0.0,0.0,0.0,-0.28132909536361694
1727706481.5037158,0.33284515142440796,0.0,0.0,0.0,0.0,-0.2512500584125519
1727706481.552622,0.3383711278438568,0.0,0.0,0.0,0.0,-0.23449386656284332
1727706481.6026819,0.34522658586502075,0.0,0.0,0.0,0.0,-0.22298690676689148
1727706481.6872199,0.3307049572467804,0.0,0.0,0.0,0.0,-0.3829869067668915
1727706481.743658,0.31817811727523804,0.0,0.0,0.0,0.0,-0.494751900434494
1727706481.7529607,0.3219711184501648,0.0,0.0,0.0,0.0,-0.5628960728645325
1727706481.8028743,0.31840118765830994,0.0,0.0,0.0,0.0,-0.5508989095687866
1727706481.852326,0.32074207067489624,0.0,0.0,0.0,0.0,-0.5167263150215149
1727706481.907832,0.3226175308227539,0.0,0.0,0.0,0.0,-0.4789161682128906
1727706481.9533098,0.32391655445098877,0.0,0.0,0.0,0.0,-0.44282156229019165
1727706482.0533326,0.32507720589637756,0.0,0.0,0.0,0.0,-0.4322212338447571
1727706482.1313128,0.325792133808136,0.0,0.0,0.0,0.0,-0.4093622863292694
1727706482.1741552,0.33013081550598145,0.0,0.0,0.0,0.0,-0.4208431541919708
1727706482.175484,0.32753056287765503,0.0,0.0,0.0,0.0,-0.4346325099468231
1727706482.2026503,0.33403104543685913,0.0,0.0,0.0,0.0,-0.4600400924682617
1727706482.25308,0.3404363989830017,0.0,0.0,0.0,0.0,-0.4793405830860138
1727706482.30425,0.3453844487667084,0.0,0.0,0.0,0.0,-0.4872620403766632
1727706482.3530746,0.34456849098205566,0.0,0.0,0.0,0.0,-0.49295127391815186
1727706482.42327,0.3404332101345062,0.0,0.0,0.0,0.0,-0.4983520805835724
1727706482.4730651,0.35012951493263245,0.0,0.0,0.0,0.0,-0.49519091844558716
1727706482.52357,0.35672903060913086,0.0,0.0,0.0,0.0,-0.4922735393047333
1727706482.5546143,0.3678929805755615,0.0,0.0,0.0,0.0,-0.49801260232925415
1727706482.602775,0.3688880503177643,0.0,0.0,0.0,0.0,-0.5037822127342224
1727706482.6524174,0.3632090091705322,0.0,0.0,0.0,0.0,-0.5302939414978027
1727706482.7027361,0.35261598229408264,0.0,0.0,0.0,0.0,-0.5439459085464478
1727706482.772896,0.35098639130592346,0.0,0.0,0.0,0.0,-0.5625849366188049
1727706482.843837,0.3471967577934265,0.0,0.0,0.0,0.0,-0.5691602230072021
1727706482.852294,0.3501828610897064,0.0,0.0,0.0,0.0,-0.5537536144256592
1727706482.9023383,0.34925928711891174,0.0,0.0,0.0,0.0,-0.5604413151741028
1727706482.9527879,0.35283756256103516,0.0,0.0,0.0,0.0,-0.5625744462013245
1727706483.0028703,0.35973623394966125,0.0,0.0,0.0,0.0,-0.5643174052238464
1727706483.0526116,0.3661637306213379,0.0,0.0,0.0,0.0,-0.5634363293647766
1727706483.1535482,0.3728243112564087,0.0,0.0,0.0,0.0,-0.5737179517745972
1727706483.23652,0.3893766403198242,0.0,0.0,0.0,0.0,-0.5671226978302002
1727706483.2835648,0.3881433308124542,0.0,0.0,0.0,0.0,-0.5693506598472595
1727706483.2846746,0.3828103840351105,0.0,0.0,0.0,0.0,-0.5548725724220276
1727706483.3034053,0.39092352986335754,0.0,0.0,0.0,0.0,-0.5296527743339539
1727706483.3527107,0.3927702307701111,0.0,0.0,0.0,0.0,-0.5271318554878235
1727706483.402642,0.40702974796295166,0.0,0.0,0.0,0.0,-0.5207362771034241
1727706483.4523342,0.4117242097854614,0.0,0.0,0.0,0.0,-0.5246304273605347
1727706483.5442219,0.41887062788009644,0.0,0.0,0.0,0.0,-0.5335924029350281
1727706483.596316,0.42590150237083435,0.0,0.0,0.0,0.0,-0.5326741933822632
1727706483.6537178,0.43019384145736694,0.0,0.0,0.0,0.0,-0.5154821872711182
1727706483.6544263,0.4386739730834961,0.0,0.0,0.0,0.0,-0.49327564239501953
1727706483.7041774,0.45720595121383667,0.0,0.0,0.0,0.0,-0.42163050174713135
1727706483.753893,0.475442111492157,0.0,0.0,0.0,0.0,-0.3790988624095917
1727706483.802959,0.4876639246940613,0.0,0.0,0.0,0.0,-0.36865583062171936
1727706483.8529522,0.4964468479156494,0.0,0.0,0.0,0.0,-0.36409586668014526
1727706483.9338303,0.4978333115577698,0.0,0.0,0.0,0.0,-0.36013683676719666
1727706483.9967792,0.49833816289901733,0.0,0.0,0.0,0.0,-0.36234816908836365
1727706484.0025284,0.49785786867141724,0.0,0.0,0.0,0.0,-0.3537675738334656
1727706484.052853,0.49928349256515503,0.0,0.0,0.0,0.0,-0.3226436376571655
1727706484.1042504,0.49974650144577026,0.0,0.0,0.0,0.0,-0.3106866478919983
1727706484.152505,0.5,0.0,0.0,0.0,0.0,-0.30244696140289307
1727706484.203103,0.4998777508735657,0.0,0.0,0.0,0.0,-0.30293506383895874
1727706484.2833588,0.5,0.0,0.0,0.0,0.0,-0.30288034677505493
1727706484.3558583,0.49999088048934937,0.0,0.0,0.0,0.0,-0.2737288177013397
1727706484.406768,0.5,0.0,0.0,0.0,0.0,-0.23921018838882446
1727706484.4090242,0.5,0.0,0.0,0.0,0.0,-0.21505653858184814
1727706484.452542,0.5,0.0,0.0,0.0,0.0,-0.2030951976776123
1727706484.502674,0.5,0.0,0.0,0.0,0.0,-0.19166548550128937
1727706484.5527966,0.49999988079071045,0.0,0.0,0.0,0.0,-0.1933411955833435
1727706484.6024005,0.4999998211860657,0.0,0.0,0.0,0.0,-0.18980421125888824
1727706484.6522286,0.49999988079071045,0.0,0.0,0.0,0.0,-0.18768025934696198
1727706484.7021275,0.4999999403953552,0.0,0.0,0.0,0.0,-0.17478415369987488
1727706484.7529001,0.4999999403953552,0.0,0.0,0.0,0.0,-0.16330401599407196
1727706484.803046,0.4999999403953552,0.0,0.0,0.0,0.0,-0.15043170750141144
1727706484.852693,0.4999999403953552,0.0,0.0,0.0,0.0,-0.1407458335161209
1727706484.9023027,0.4999999403953552,0.0,0.0,0.0,0.0,-0.13444480299949646
1727706484.9933136,0.4999999403953552,0.0,0.0,0.0,0.0,-0.1273200511932373
1727706485.0769508,0.4999999403953552,0.0,0.0,0.0,0.0,-0.12447348982095718
1727706485.078538,0.4999999403953552,0.0,0.0,0.0,0.0,-0.11919179558753967
1727706485.1031077,0.4999999403953552,0.0,0.0,0.0,0.0,-0.116763636469841
1727706485.1524632,0.4999999403953552,0.0,0.0,0.0,0.0,-0.1074809804558754
1727706485.20515,0.4999999403953552,0.0,0.0,0.0,0.0,-0.09837851673364639
1727706485.2524784,0.4999999403953552,0.0,0.0,0.0,0.0,-0.09869017452001572
1727706485.354165,0.4999999403953552,0.0,0.0,0.0,0.0,-0.097109854221344
1727706485.426919,0.4999999403953552,0.0,0.0,0.0,0.0,-0.10427478700876236
1727706485.43049,0.4999999403953552,0.0,0.0,0.0,0.0,-0.09061466157436371
1727706485.4833684,0.4999999403953552,0.0,0.0,0.0,0.0,-0.08621184527873993
1727706485.5034022,0.4999999403953552,0.0,0.0,0.0,0.0,-0.07903829216957092
1727706485.5532928,0.4999999403953552,0.0,0.0,0.0,0.0,-0.07826276123523712
1727706485.6027806,0.4999999403953552,0.0,0.0,0.0,0.0,-0.07921716570854187
1727706485.652814,0.4999999403953552,0.0,0.0,0.0,0.0,-0.07883375883102417
1727706485.7125227,0.4999999403953552,0.0,0.0,0.0,0.0,-0.0754595398902893
1727706485.7639732,0.4999999403953552,0.0,0.0,0.0,0.0,-0.06877893209457397
1727706485.8024702,0.4999999403953552,0.0,0.0,0.0,0.0,-0.07288794219493866
1727706485.8532715,0.49948650598526,0.0,0.0,0.0,0.0,-0.06473875045776367
1727706485.902566,0.49899977445602417,0.0,0.0,0.0,0.0,-0.06069716811180115
1727706485.9524329,0.4986306428909302,0.0,0.0,0.0,0.0,-0.0617859922349453
1727706486.0030003,0.49901920557022095,0.0,0.0,0.0,0.0,-0.05553625151515007
1727706486.0935853,0.49980786442756653,0.0,0.0,0.0,0.0,-0.05850693956017494
1727706486.1433809,0.5,0.0,0.0,0.0,0.0,-0.06261181831359863
1727706486.2051845,0.49958547949790955,0.0,0.0,0.0,0.0,-0.06267090886831284
1727706486.2085779,0.49996477365493774,0.0,0.0,0.0,0.0,-0.04983106255531311
1727706486.257027,0.4999791383743286,0.0,0.0,0.0,0.0,-0.04295054078102112
1727706486.3025053,0.5,0.0,0.0,0.0,0.0,-0.030682126060128212
1727706486.3534281,0.5,0.0,0.0,0.0,0.0,-0.02224857546389103
1727706486.4029014,0.5,0.0,0.0,0.0,0.0,-0.019695354625582695
1727706486.4524248,0.5,0.0,0.0,0.0,0.0,-0.01671215146780014
1727706486.5027316,0.4998392164707184,0.0,0.0,0.0,0.0,-0.020712105557322502
1727706486.6040857,0.4984312653541565,0.0,0.0,0.0,0.0,-0.022596322000026703
1727706486.6056309,0.49724116921424866,0.0,0.0,0.0,0.0,-0.022148331627249718
1727706486.6631193,0.49682554602622986,0.0,0.0,0.0,0.0,-0.023684758692979813
1727706486.7027342,0.4960409998893738,0.0,0.0,0.0,0.0,-0.024306004866957664
1727706486.7542124,0.4940730333328247,0.0,0.0,0.0,0.0,-0.027918411418795586
1727706486.8028545,0.4901171624660492,0.0,0.0,0.0,0.0,-0.02658911421895027
1727706486.8527398,0.4889313578605652,0.0,0.0,0.0,0.0,-0.025376349687576294
1727706486.922938,0.4877341389656067,0.0,0.0,0.0,0.0,-0.02836677059531212
1727706486.9562867,0.47961631417274475,0.0,0.0,0.0,0.0,-0.03319208696484566
1727706487.0048363,0.4734915792942047,0.0,0.0,0.0,0.0,-0.031579747796058655
1727706487.0553958,0.47090575098991394,0.0,0.0,0.0,0.0,-0.031577832996845245
1727706487.1024961,0.47346359491348267,0.0,0.0,0.0,0.0,-0.029175594449043274
1727706487.1525524,0.4702898859977722,0.0,0.0,0.0,0.0,-0.02714998461306095
1727706487.2229917,0.46902841329574585,0.0,0.0,0.0,0.0,-0.031219610944390297
1727706487.2738936,0.4676026403903961,0.0,0.0,0.0,0.0,-0.03057723119854927
1727706487.3566916,0.0,0.0,0.0,0.0,0.0,-0.0
1727706487.3576646,0.0,0.0,0.0,0.0,0.0,-0.0
1727706487.4029741,0.0,0.0,0.0,0.0,0.0,-0.0
1727706487.4521677,0.0,0.0,0.0,0.0,0.0,-0.0
1727706487.5022411,0.0,0.0,0.0,0.0,0.0,-0.0
1727706487.552692,0.0,0.0,0.0,0.0,0.0,-0.0
1727706487.6330736,0.0,0.0,0.0,0.0,0.0,-0.0
1727706487.7247517,0.44328105449676514,0.0,0.0,0.0,0.0,-0.044640593230724335
1727706487.777714,0.4303680956363678,0.0,0.0,0.0,0.0,-0.04406459257006645
1727706487.7793763,0.42066526412963867,0.0,0.0,0.0,0.0,-0.039490796625614166
1727706487.8030076,0.4010217785835266,0.0,0.0,0.0,0.0,-0.026438001543283463
1727706487.8527987,0.37225663661956787,0.0,0.0,0.0,0.0,-0.0046727899461984634
1727706487.9026105,0.3469318151473999,0.0,0.0,0.0,0.0,0.0061117433942854404
1727706487.952729,0.33326512575149536,0.0,0.0,0.0,0.0,0.005583183374255896
1727706488.0534608,0.3166157305240631,0.0,0.0,0.0,0.0,0.010447661392390728
1727706488.054049,0.3145347237586975,0.0,0.0,0.0,0.0,0.009805059060454369
1727706488.102657,0.3172875940799713,0.0,0.0,0.0,0.0,0.006968919653445482
1727706488.1533391,0.32090845704078674,0.0,0.0,0.0,0.0,0.000470407132524997
1727706488.2035928,0.32496824860572815,0.0,0.0,0.0,0.0,0.006241874303668737
1727706488.252375,0.3287044167518616,0.0,0.0,0.0,0.0,0.008972913026809692
1727706488.3128314,0.32912200689315796,0.0,0.0,0.0,0.0,0.008941447362303734
1727706488.3627899,0.330396831035614,0.0,0.0,0.0,0.0,0.003401608904823661
1727706488.4133933,0.3329688012599945,0.0,0.0,0.0,0.0,0.002444630954414606
1727706488.4741168,0.33309775590896606,0.0,0.0,0.0,0.0,0.00378636852838099
1727706488.5025854,0.336976021528244,0.0,0.0,0.0,0.0,-0.00022459705360233784
1727706488.5543993,0.33387961983680725,0.0,0.0,0.0,0.0,-0.0028061342891305685
1727706488.6026425,0.3313121795654297,0.0,0.0,0.0,0.0,-0.004621746018528938
1727706488.652321,0.3307568430900574,0.0,0.0,0.0,0.0,-0.0024187020026147366
1727706488.732741,0.32920411229133606,0.0,0.0,0.0,0.0,-0.0017974632792174816
1727706488.817681,0.0,0.0,0.0,0.0,0.0,-0.0
1727706488.8701775,0.0,0.0,0.0,0.0,0.0,0.0
1727706488.8711936,0.3303880989551544,0.0,0.0,0.0,0.0,0.02351658046245575
1727706488.9025886,0.3303880989551544,0.0,0.0,0.0,0.0,0.02351658046245575
1727706488.954631,0.3303880989551544,0.0,0.0,0.0,0.0,0.02351658046245575
1727706489.0026586,0.3303880989551544,0.0,0.0,0.0,0.0,0.02351658046245575
1727706489.0525773,0.3303880989551544,0.0,0.0,0.0,0.0,0.02351658046245575
1727706489.1020787,0.32851046323776245,0.0,0.0,0.0,0.0,0.04179900512099266
1727706489.152424,0.3267571032047272,0.0,0.0,0.0,0.0,0.044692039489746094
1727706489.2034607,0.3267571032047272,0.0,0.0,0.0,0.0,0.044692039489746094
1727706489.2530468,0.3224644660949707,0.0,0.0,0.0,0.0,0.040966738015413284
1727706489.303104,0.32551202178001404,0.0,0.0,0.0,0.0,0.03360306844115257
1727706489.352837,0.32477807998657227,0.0,0.0,0.0,0.0,0.02739877626299858
1727706489.4455566,0.32625776529312134,0.0,0.0,0.0,0.0,0.021653633564710617
1727706489.4935246,0.32739871740341187,0.0,0.0,0.0,0.0,0.02343582734465599
1727706489.5053031,0.32635971903800964,0.0,0.0,0.0,0.0,0.022478250786662102
1727706489.5729246,0.32629337906837463,0.0,0.0,0.0,0.0,0.025799565017223358
1727706489.6062467,0.3220314383506775,0.0,0.0,0.0,0.0,0.024477791041135788
1727706489.6526551,0.31627339124679565,0.0,0.0,0.0,0.0,0.02521844394505024
1727706489.7024477,0.3156605660915375,0.0,0.0,0.0,0.0,0.0281499233096838
1727706489.7528708,0.31536900997161865,0.0,0.0,0.0,0.0,0.030462460592389107
1727706489.833006,0.3131234347820282,0.0,0.0,0.0,0.0,0.032227158546447754
1727706489.9288712,0.3131234347820282,0.0,0.0,0.0,0.0,0.032227158546447754
1727706489.9827626,0.3131234347820282,0.0,0.0,0.0,0.0,0.032227158546447754
1727706489.983714,0.3131234347820282,0.0,0.0,0.0,0.0,0.032227158546447754
1727706490.003114,0.3111613690853119,0.0,0.0,0.0,0.0,0.03516695648431778
1727706490.0544946,0.30357784032821655,0.0,0.0,0.0,0.0,0.0448596216738224
1727706490.1025481,0.298206627368927,0.0,0.0,0.0,0.0,0.04511703923344612
1727706490.152349,0.29068660736083984,0.0,0.0,0.0,0.0,0.04336604103446007
1727706490.223048,0.29068660736083984,0.0,0.0,0.0,0.0,0.04336604103446007
1727706490.2520247,0.2848316431045532,0.0,0.0,0.0,0.0,0.04447047412395477
1727706490.3033297,0.27490389347076416,0.0,0.0,0.0,0.0,0.044011738151311874
1727706490.353413,0.266578733921051,0.0,0.0,0.0,0.0,0.047984082251787186
1727706490.4024756,0.2671123743057251,0.0,0.0,0.0,0.0,0.05141068249940872
1727706490.4544575,0.26450780034065247,0.0,0.0,0.0,0.0,0.05422208085656166
1727706490.5440965,0.2638820707798004,0.0,0.0,0.0,0.0,0.0583881177008152
1727706490.59588,0.2638820707798004,0.0,0.0,0.0,0.0,0.0583881177008152
1727706490.6548169,0.2597874402999878,0.0,0.0,0.0,0.0,0.0572548508644104
1727706490.655644,0.2563079595565796,0.0,0.0,0.0,0.0,0.0642809197306633
1727706490.7025864,0.1313079595565796,0.0,0.0,0.0,0.0,0.0
1727706490.7523432,0.00630795955657959,0.0,0.0,0.0,0.0,0.0
1727706490.8025572,0.0,0.0,0.0,0.0,0.0,0.0
1727706490.8524027,0.0,0.0,0.0,0.0,0.0,0.0
1727706490.9125004,0.0,0.0,0.0,0.0,0.0,0.0
1727706490.989035,0.0,0.0,0.0,0.0,0.0,0.0
1727706491.0457337,0.0,0.0,0.0,0.0,0.0,0.0
1727706491.052831,0.0,0.0,0.0,0.0,0.0,0.0
1727706491.1048064,0.0,0.0,0.0,0.0,0.0,0.0
1727706491.1527038,0.0,0.0,0.0,0.0,0.0,0.0
1727706491.2030094,0.0,0.0,0.0,0.0,0.0,0.0
1727706491.2828503,0.0,0.0,0.0,0.0,0.0,0.0
1727706491.3022947,0.0,0.0,0.0,0.0,0.0,0.0
1727706491.3542051,0.0,0.0,0.0,0.0,0.0,0.0
1727706491.4023528,0.0,0.0,0.0,0.0,0.0,0.0
1727706491.452658,0.0,0.0,0.0,0.0,0.0,0.0
1727706491.5025957,0.0,0.0,0.0,0.0,0.0,0.0
1727706491.5929208,0.0,0.0,0.0,0.0,0.0,0.0
1727706491.6430898,0.0,0.0,0.0,0.0,0.0,0.0
1727706491.651884,0.0,0.0,0.0,0.0,0.0,0.0
1727706491.7438362,0.13376384973526,0.0,0.0,0.0,0.0,0.005959361791610718
1727706491.7523985,0.12746989727020264,0.0,0.0,0.0,0.0,0.008467194624245167
1727706491.8037376,0.1436234414577484,0.0,0.0,0.0,0.0,0.0006238060886971653
1727706491.8524096,0.15226420760154724,0.0,0.0,0.0,0.0,-0.007833058945834637
1727706491.902674,0.1672930121421814,0.0,0.0,0.0,0.0,-0.01566854491829872
1727706491.9526448,0.18024002015590668,0.0,0.0,0.0,0.0,-0.014755764044821262
1727706492.0335681,0.19007211923599243,0.0,0.0,0.0,0.0,-0.02639550156891346
1727706492.146283,0.20150239765644073,0.0,0.0,0.0,0.0,-0.029345616698265076
1727706492.1994026,0.21818484365940094,0.0,0.0,0.0,0.0,-0.034232404083013535
1727706492.2010329,0.2308117300271988,0.0,0.0,0.0,0.0,-0.03255019336938858
1727706492.203536,0.23404560983181,0.0,0.0,0.0,0.0,-0.026518620550632477
1727706492.2525694,0.24788635969161987,0.0,0.0,0.0,0.0,-0.010159512050449848
1727706492.3031797,0.260799378156662,0.0,0.0,0.0,0.0,0.0010791384847834706
1727706492.3524654,0.2682943046092987,0.0,0.0,0.0,0.0,0.006004953756928444
1727706492.433038,0.2678733468055725,0.0,0.0,0.0,0.0,0.01880578137934208
1727706492.4530888,0.2710331976413727,0.0,0.0,0.0,0.0,0.02494145557284355
1727706492.5027206,0.14603319764137268,0.0,0.0,0.0,0.0,-0.13505854442715645
1727706492.5523708,0.02103319764137268,0.0,0.0,0.0,0.0,-0.1691532742615749
1727706492.6025507,0.0,0.0,0.0,0.0,0.0,-0.1691532742615749
1727706492.6528888,0.0,0.0,0.0,0.0,0.0,-0.1691532742615749
1727706492.7443764,0.0,0.0,0.0,0.0,0.0,-0.15423568323975434
1727706492.7929637,0.0,0.0,0.0,0.0,0.0,-0.1549908947851429
1727706492.8436294,0.0,0.0,0.0,0.0,0.0,-0.1656720568116502
1727706492.852363,0.0,0.0,0.0,0.0,0.0,-0.21901432619257893
1727706492.9029975,0.0,0.0,0.0,0.0,0.0,-0.21901432619257893
1727706492.9533503,0.0,0.0,0.0,0.0,0.0,-0.21901432619257893
1727706493.0025363,0.0,0.0,0.0,0.0,0.0,-0.21901432619257893
1727706493.0928922,0.0,0.0,0.0,0.0,0.0,-0.21901432619257893
1727706493.1965935,0.0,0.0,0.0,0.0,0.0,-0.30710493483083123
1727706493.2402399,0.0,0.0,0.0,0.0,0.0,-0.30710493483083123
1727706493.240866,0.0,0.0,0.0,0.0,0.0,-0.37901378294420424
1727706493.2523978,0.0,0.0,0.0,0.0,0.0,-0.37901378294420424
1727706493.3023849,0.0,0.0,0.0,0.0,0.0,-0.39397514850423454
1727706493.3523173,0.0,0.0,0.0,0.0,0.0,-0.39397514850423454
1727706493.4131024,0.0,0.0,0.0,0.0,0.0,-0.39397514850423454
1727706493.4727578,0.0,0.0,0.0,0.0,0.0,-0.39397514850423454
1727706493.5023775,0.0,0.0,0.0,0.0,0.0,-0.5331213977388537
1727706493.5546284,0.0,0.0,0.0,0.0,0.0,-0.5331213977388537
1727706493.602381,0.0,0.0,0.0,0.0,0.0,-0.5331213977388537
1727706493.6525366,0.0,0.0,0.0,0.0,0.0,-0.5331213977388537
1727706493.7170205,0.0,0.0,0.0,0.0,0.0,-0.5331213977388537
1727706493.7625933,0.0,0.0,0.0,0.0,0.0,-0.5331213977388537
1727706493.813978,0.0,0.0,0.0,0.0,0.0,-0.5816991828898507
1727706493.8932781,0.0,0.0,0.0,0.0,0.0,-0.691651544560828
1727706493.902584,0.0,0.0,0.0,0.0,0.0,-0.691651544560828
1727706493.9524994,0.0,0.0,0.0,0.0,0.0,-0.7113201247617387
1727706494.002911,0.0,0.0,0.0,0.0,0.0,-0.7113201247617387
1727706494.0526118,0.0,0.0,0.0,0.0,0.0,-0.7113201247617387
1727706494.1470544,0.0,0.0,0.0,0.0,0.0,-0.7113201247617387
1727706494.264846,0.0,0.0,0.0,0.0,0.0,-0.0
1727706494.310076,0.0,0.0,0.0,0.0,0.0,-0.0
1727706494.3140936,0.0,0.0,0.0,0.0,0.0,-0.8333274347735471
1727706494.3522978,0.0,0.0,0.0,0.0,0.0,-0.8244070218820041
1727706494.4039922,0.0,0.0,0.0,0.0,0.0,-0.8244070218820041
1727706494.4528327,0.0,0.0,0.0,0.0,0.0,-0.8244070218820041
1727706494.5465336,0.0,0.0,0.0,0.0,0.0,-0.7710033200111664
1727706494.5532155,0.0,0.0,0.0,0.0,0.0,-0.7710033200111664
1727706494.6025143,0.125,0.0,0.0,0.0,0.0,-0.6110033200111664
1727706494.6527987,0.23317642509937286,0.0,0.0,0.0,0.0,-0.4510033200111664
1727706494.7029483,0.2275291532278061,0.0,0.0,0.0,0.0,-0.40853747725486755
1727706494.7521977,0.22406838834285736,0.0,0.0,0.0,0.0,-0.4378937780857086
1727706494.8549402,0.21569712460041046,0.0,0.0,0.0,0.0,-0.4572153687477112
1727706494.9164093,0.20875641703605652,0.0,0.0,0.0,0.0,-0.4665333330631256
1727706494.9172623,0.20413494110107422,0.0,0.0,0.0,0.0,-0.48657315969467163
1727706494.9740794,0.21491986513137817,0.0,0.0,0.0,0.0,-0.4919945299625397
1727706495.0031278,0.2301488220691681,0.0,0.0,0.0,0.0,-0.4671441912651062
1727706495.0525527,0.24735629558563232,0.0,0.0,0.0,0.0,-0.42141494154930115
1727706495.102364,0.25744903087615967,0.0,0.0,0.0,0.0,-0.38882705569267273
1727706495.1531718,0.26935189962387085,0.0,0.0,0.0,0.0,-0.37057119607925415
1727706495.2228746,0.2741917073726654,0.0,0.0,0.0,0.0,-0.3339915871620178
1727706495.3136778,0.2741917073726654,0.0,0.0,0.0,0.0,-0.3339915871620178
1727706495.315088,0.2787759006023407,0.0,0.0,0.0,0.0,-0.3001329004764557
1727706495.3680868,0.2788986563682556,0.0,0.0,0.0,0.0,-0.2876589298248291
1727706495.4022532,0.27239611744880676,0.0,0.0,0.0,0.0,-0.24991396069526672
1727706495.4525268,0.2674024701118469,0.0,0.0,0.0,0.0,-0.21714654564857483
1727706495.502774,0.2630827724933624,0.0,0.0,0.0,0.0,-0.1937519758939743
1727706495.5524452,0.2563575208187103,0.0,0.0,0.0,0.0,-0.17962044477462769
1727706495.6445775,0.24900850653648376,0.0,0.0,0.0,0.0,-0.17252308130264282
1727706495.6525767,0.24900850653648376,0.0,0.0,0.0,0.0,-0.17252308130264282
1727706495.7031276,0.21095387637615204,0.0,0.0,0.0,0.0,-0.2893444895744324
1727706495.7526674,0.20379000902175903,0.0,0.0,0.0,0.0,-0.3009055256843567
1727706495.8031085,0.2175915241241455,0.0,0.0,0.0,0.0,-0.3037954270839691
1727706495.852518,0.23529522120952606,0.0,0.0,0.0,0.0,-0.3138813078403473
1727706495.9430983,0.2706790864467621,0.0,0.0,0.0,0.0,-0.31970977783203125
1727706496.013719,0.2881429195404053,0.0,0.0,0.0,0.0,-0.3307625949382782
1727706496.0146167,0.2881429195404053,0.0,0.0,0.0,0.0,-0.3307625949382782
1727706496.0729587,0.3001033663749695,0.0,0.0,0.0,0.0,-0.336452454328537
1727706496.102831,0.31756532192230225,0.0,0.0,0.0,0.0,-0.35619595646858215
1727706496.1531074,0.3348449468612671,0.0,0.0,0.0,0.0,-0.3667141795158386
1727706496.202787,0.3434213399887085,0.0,0.0,0.0,0.0,-0.3724498748779297
1727706496.2522347,0.35419899225234985,0.0,0.0,0.0,0.0,-0.3722347915172577
1727706496.3130128,0.3642286956310272,0.0,0.0,0.0,0.0,-0.37735241651535034
1727706496.3521855,0.3803218901157379,0.0,0.0,0.0,0.0,-0.38155221939086914
1727706496.4639816,0.3803218901157379,0.0,0.0,0.0,0.0,-0.38155221939086914
1727706496.5087383,0.40107062458992004,0.0,0.0,0.0,0.0,-0.3881908655166626
1727706496.5095775,0.40107062458992004,0.0,0.0,0.0,0.0,-0.3881908655166626
1727706496.5576906,0.4135074317455292,0.0,0.0,0.0,0.0,-0.3994925618171692
1727706496.6028347,0.2885074317455292,0.0,0.0,0.0,0.0,-0.5408689955275489
1727706496.6535609,0.16350743174552917,0.0,0.0,0.0,0.0,-0.5408689955275489
1727706496.7440596,0.038507431745529175,0.0,0.0,0.0,0.0,-0.5408689955275489
1727706496.7523935,0.16350743174552917,0.0,0.0,0.0,0.0,-0.47965654730796814
1727706496.8026767,0.2885074317455292,0.0,0.0,0.0,0.0,-0.505955696105957
1727706496.8524127,0.34835124015808105,0.0,0.0,0.0,0.0,-0.519955039024353
1727706496.9038494,0.32665351033210754,0.0,0.0,0.0,0.0,-0.5177454948425293
1727706496.95255,0.31862953305244446,0.0,0.0,0.0,0.0,-0.52007657289505
1727706497.002605,0.30591174960136414,0.0,0.0,0.0,0.0,-0.52253657579422
1727706497.052408,0.30001115798950195,0.0,0.0,0.0,0.0,-0.5153509378433228
1727706497.1236577,0.2889511287212372,0.0,0.0,0.0,0.0,-0.5139071941375732
1727706497.1729524,0.28837883472442627,0.0,0.0,0.0,0.0,-0.5170195698738098
1727706497.2029784,0.2813790738582611,0.0,0.0,0.0,0.0,-0.5276378989219666
1727706497.2538466,0.27174410223960876,0.0,0.0,0.0,0.0,-0.5431860089302063
1727706497.3031557,0.2671152353286743,0.0,0.0,0.0,0.0,-0.5561139583587646
1727706497.3536956,0.2587573230266571,0.0,0.0,0.0,0.0,-0.5683063864707947
1727706497.4335163,0.2683308720588684,0.0,0.0,0.0,0.0,-0.5751384496688843
1727706497.5235596,0.2845364511013031,0.0,0.0,0.0,0.0,-0.5838632583618164
1727706497.5819843,0.2845364511013031,0.0,0.0,0.0,0.0,-0.5838632583618164
1727706497.5829499,0.2883211672306061,0.0,0.0,0.0,0.0,-0.5943934917449951
1727706497.6037066,0.2874344289302826,0.0,0.0,0.0,0.0,-0.5984253883361816
1727706497.6531668,0.3012394309043884,0.0,0.0,0.0,0.0,-0.5875773429870605
1727706497.7024162,0.3100825548171997,0.0,0.0,0.0,0.0,-0.5872299075126648
1727706497.7525713,0.3085881769657135,0.0,0.0,0.0,0.0,-0.5852316617965698
1727706497.8659735,0.3145919144153595,0.0,0.0,0.0,0.0,-0.5873831510543823
1727706497.8667963,0.3207356929779053,0.0,0.0,0.0,0.0,-0.5846619009971619
1727706497.9035902,0.3282363712787628,0.0,0.0,0.0,0.0,-0.5911274552345276
1727706497.9541206,0.3387180268764496,0.0,0.0,0.0,0.0,-0.5842944383621216
1727706498.002364,0.3550090789794922,0.0,0.0,0.0,0.0,-0.5762964487075806
1727706498.0524962,0.3666091859340668,0.0,0.0,0.0,0.0,-0.5781153440475464
1727706498.1029334,0.374860018491745,0.0,0.0,0.0,0.0,-0.5789403915405273
1727706498.1625612,0.37849029898643494,0.0,0.0,0.0,0.0,-0.5795914530754089
1727706498.2647698,0.38833802938461304,0.0,0.0,0.0,0.0,-0.5738443732261658
1727706498.2667258,0.40353888273239136,0.0,0.0,0.0,0.0,-0.5601505041122437
1727706498.32384,0.0,0.0,0.0,0.0,0.0,-0.0
1727706498.3523026,0.0,0.0,0.0,0.0,0.0,-0.0
1727706498.4020603,0.0,0.0,0.0,0.0,0.0,-0.0
1727706498.4531636,0.0,0.0,0.0,0.0,0.0,-0.0
1727706498.507552,0.0,0.0,0.0,0.0,0.0,-0.0
1727706498.6033962,0.0,0.0,0.0,0.0,0.0,-0.0
1727706498.6477928,0.0,0.0,0.0,0.0,0.0,-0.0
1727706498.7053797,0.4142546057701111,0.0,0.0,0.0,0.0,-0.5316188335418701
1727706498.7055035,0.4168858528137207,0.0,0.0,0.0,0.0,-0.43100762367248535
1727706498.7524514,0.3902699947357178,0.0,0.0,0.0,0.0,-0.37263649702072144
1727706498.8042374,0.367048054933548,0.0,0.0,0.0,0.0,-0.30936551094055176
1727706498.8533022,0.3581608831882477,0.0,0.0,0.0,0.0,-0.2852124571800232
1727706498.9031606,0.3526286482810974,0.0,0.0,0.0,0.0,-0.27443385124206543
1727706498.9727645,0.3463437259197235,0.0,0.0,0.0,0.0,-0.28130054473876953
1727706499.0334737,0.3463437259197235,0.0,0.0,0.0,0.0,-0.28130054473876953
1727706499.0524251,0.3399137258529663,0.0,0.0,0.0,0.0,-0.25390249490737915
1727706499.103341,0.3501933217048645,0.0,0.0,0.0,0.0,-0.2172849178314209
1727706499.1522756,0.3582617938518524,0.0,0.0,0.0,0.0,-0.19912168383598328
1727706499.202517,0.3597939610481262,0.0,0.0,0.0,0.0,-0.18703480064868927
1727706499.272838,0.36225640773773193,0.0,0.0,0.0,0.0,-0.18514227867126465
1727706499.322956,0.3559579849243164,0.0,0.0,0.0,0.0,-0.1852758824825287
1727706499.3935096,0.37246474623680115,0.0,0.0,0.0,0.0,-0.17374949157238007
1727706499.4378026,0.3885597586631775,0.0,0.0,0.0,0.0,-0.1600547581911087
1727706499.4528384,0.4076390862464905,0.0,0.0,0.0,0.0,-0.1395958662033081
1727706499.5047061,0.42576029896736145,0.0,0.0,0.0,0.0,-0.11987801641225815
1727706499.5530593,0.4365209937095642,0.0,0.0,0.0,0.0,-0.11004054546356201
1727706499.6023858,0.45013707876205444,0.0,0.0,0.0,0.0,-0.09590623527765274
1727706499.6624556,0.45763152837753296,0.0,0.0,0.0,0.0,-0.09031552076339722
1727706499.7131615,0.46541720628738403,0.0,0.0,0.0,0.0,-0.0915655717253685
1727706499.772806,0.47354626655578613,0.0,0.0,0.0,0.0,-0.13372337818145752
1727706499.8239648,0.4696524143218994,0.0,0.0,0.0,0.0,-0.1311100721359253
1727706499.8523026,0.47274473309516907,0.0,0.0,0.0,0.0,-0.1358371376991272
1727706499.9028087,0.47234392166137695,0.0,0.0,0.0,0.0,-0.13350681960582733
1727706499.9524095,0.4752754867076874,0.0,0.0,0.0,0.0,-0.12862010300159454
1727706500.0441618,0.479854553937912,0.0,0.0,0.0,0.0,-0.12158994376659393
1727706500.1260877,0.4765966832637787,0.0,0.0,0.0,0.0,-0.11344530433416367
1727706500.1275532,0.4776926338672638,0.0,0.0,0.0,0.0,-0.11408771574497223
1727706500.1526034,0.4806244969367981,0.0,0.0,0.0,0.0,-0.11856938153505325
1727706500.2022042,0.4847061038017273,0.0,0.0,0.0,0.0,-0.12094026803970337
1727706500.2526033,0.49018192291259766,0.0,0.0,0.0,0.0,-0.12901191413402557
1727706500.3030732,0.49595123529434204,0.0,0.0,0.0,0.0,-0.13924378156661987
1727706500.3635905,0.4984973669052124,0.0,0.0,0.0,0.0,-0.13965092599391937
1727706500.4129684,0.5,0.0,0.0,0.0,0.0,-0.14100351929664612
1727706500.5038962,0.5,0.0,0.0,0.0,0.0,-0.1386924535036087
1727706500.547165,0.5,0.0,0.0,0.0,0.0,-0.13724268972873688
1727706500.557188,0.5,0.0,0.0,0.0,0.0,-0.1304803192615509
1727706500.6026192,0.5,0.0,0.0,0.0,0.0,-0.11618589609861374
1727706500.6537082,0.49998801946640015,0.0,0.0,0.0,0.0,-0.10255500674247742
1727706500.703902,0.4999837279319763,0.0,0.0,0.0,0.0,-0.09932847321033478
1727706500.79368,0.499996542930603,0.0,0.0,0.0,0.0,-0.08117446303367615
1727706500.847214,0.499996542930603,0.0,0.0,0.0,0.0,-0.08117446303367615
1727706500.8953164,0.4999997019767761,0.0,0.0,0.0,0.0,-0.07330524921417236
1727706500.9028172,0.5,0.0,0.0,0.0,0.0,-0.06545338779687881
1727706500.9528902,0.5,0.0,0.0,0.0,0.0,-0.06381785869598389
1727706501.0022542,0.5,0.0,0.0,0.0,0.0,-0.05814399570226669
1727706501.052555,0.5,0.0,0.0,0.0,0.0,-0.051163170486688614
1727706501.1023347,0.4999999403953552,0.0,0.0,0.0,0.0,-0.04632838815450668
1727706501.1522346,0.4986036717891693,0.0,0.0,0.0,0.0,-0.047268204391002655
1727706501.2024486,0.4986036717891693,0.0,0.0,0.0,0.0,-0.047268204391002655
1727706501.2537925,0.4994698166847229,0.0,0.0,0.0,0.0,-0.048970144242048264
1727706501.3023648,0.5,0.0,0.0,0.0,0.0,-0.046461328864097595
1727706501.3523042,0.5,0.0,0.0,0.0,0.0,-0.0415937639772892
1727706501.4023318,0.5,0.0,0.0,0.0,0.0,-0.03506307303905487
1727706501.452892,0.4999726116657257,0.0,0.0,0.0,0.0,-0.03151081129908562
1727706501.533139,0.5,0.0,0.0,0.0,0.0,-0.03450800105929375
1727706501.5932693,0.5,0.0,0.0,0.0,0.0,-0.02884572558104992
1727706501.6542275,0.5,0.0,0.0,0.0,0.0,-0.02884572558104992
1727706501.6552165,0.5,0.0,0.0,0.0,0.0,-0.027598928660154343
1727706501.702525,0.49997836351394653,0.0,0.0,0.0,0.0,-0.025670362636446953
1727706501.752851,0.49997657537460327,0.0,0.0,0.0,0.0,-0.025011057034134865
1727706501.804248,0.49998408555984497,0.0,0.0,0.0,0.0,-0.013887999579310417
1727706501.8622007,0.49999433755874634,0.0,0.0,0.0,0.0,-0.007822792045772076
1727706501.9125466,0.49999934434890747,0.0,0.0,0.0,0.0,-0.0034721381962299347
1727706501.972821,0.5,0.0,0.0,0.0,0.0,-0.00526747340336442
1727706502.0231638,0.5,0.0,0.0,0.0,0.0,0.00031230217427946627
1727706502.0525303,0.49883267283439636,0.0,0.0,0.0,0.0,-0.0018019858980551362
1727706502.102685,0.49797940254211426,0.0,0.0,0.0,0.0,-0.002968884538859129
1727706502.1523104,0.4990447461605072,0.0,0.0,0.0,0.0,-0.0033908721525222063
1727706502.2027133,0.49817121028900146,0.0,0.0,0.0,0.0,-0.00027317472267895937
1727706502.2732165,0.4968010187149048,0.0,0.0,0.0,0.0,0.0014939396642148495
1727706502.35749,0.49853211641311646,0.0,0.0,0.0,0.0,0.01076280977576971
1727706502.357627,0.4964582920074463,0.0,0.0,0.0,0.0,0.01822277531027794
1727706502.4032946,0.49685636162757874,0.0,0.0,0.0,0.0,0.02017274498939514
1727706502.452316,0.49591946601867676,0.0,0.0,0.0,0.0,0.02542797662317753
1727706502.50266,0.4992608428001404,0.0,0.0,0.0,0.0,0.021488528698682785
1727706502.5526319,0.49852481484413147,0.0,0.0,0.0,0.0,0.022326195612549782
1727706502.6331923,0.0,0.0,0.0,0.0,0.0,0.0
1727706502.7259655,0.0,0.0,0.0,0.0,0.0,0.0
1727706502.7810652,0.0,0.0,0.0,0.0,0.0,0.0
1727706502.78219,0.4956781566143036,0.0,0.0,0.0,0.0,0.012870834209024906
1727706502.8027704,0.49267974495887756,0.0,0.0,0.0,0.0,0.017947128042578697
1727706502.8531435,0.48096606135368347,0.0,0.0,0.0,0.0,0.02044731378555298
1727706502.9025664,0.4712607264518738,0.0,0.0,0.0,0.0,0.024178199470043182
1727706502.952489,0.4638117551803589,0.0,0.0,0.0,0.0,0.028524626046419144
1727706503.0336802,0.43978893756866455,0.0,0.0,0.0,0.0,0.02250787243247032
1727706503.0872881,0.43978893756866455,0.0,0.0,0.0,0.0,0.02250787243247032
1727706503.1329834,0.43397003412246704,0.0,0.0,0.0,0.0,0.014881718903779984
1727706503.1525447,0.43269312381744385,0.0,0.0,0.0,0.0,0.012652305886149406
1727706503.2027433,0.4287187159061432,0.0,0.0,0.0,0.0,0.009419754147529602
1727706503.2529423,0.4263707399368286,0.0,0.0,0.0,0.0,0.011166428215801716
1727706503.302325,0.43437668681144714,0.0,0.0,0.0,0.0,0.01589457504451275
1727706503.372346,0.4342014789581299,0.0,0.0,0.0,0.0,0.017581194639205933
1727706503.4342608,0.4342014789581299,0.0,0.0,0.0,0.0,0.017581194639205933
1727706503.4539158,0.43542569875717163,0.0,0.0,0.0,0.0,0.013022526167333126
1727706503.5024667,0.4302140474319458,0.0,0.0,0.0,0.0,-0.0012160988990217447
1727706503.5530877,0.43093404173851013,0.0,0.0,0.0,0.0,-0.005413071718066931
1727706503.602614,0.43114766478538513,0.0,0.0,0.0,0.0,-0.006427440792322159
1727706503.6930926,0.43001261353492737,0.0,0.0,0.0,0.0,0.00041959667578339577
1727706503.778506,0.4280235767364502,0.0,0.0,0.0,0.0,0.0028446195647120476
1727706503.8224416,0.4264892637729645,0.0,0.0,0.0,0.0,-0.0025766356848180294
1727706503.8231485,0.0,0.0,0.0,0.0,0.0,-0.0
1727706503.8523364,0.0,0.0,0.0,0.0,0.0,-0.0
1727706503.8832848,0.3436044752597809,0.0,0.0,0.0,0.0,-0.06924513727426529
1727706503.9021766,0.0,0.0,0.0,0.0,0.0,-0.0
1727706503.9520855,0.0,0.0,0.0,0.0,0.0,-0.0
1727706503.966788,0.3416704535484314,0.0,0.0,0.0,0.0,-0.06883297860622406
1727706504.002338,0.0,0.0,0.0,0.0,0.0,-0.0
1727706504.0661395,0.34640786051750183,0.0,0.0,0.0,0.0,-0.03841651976108551
1727706504.067463,0.34640786051750183,0.0,0.0,0.0,0.0,-0.03841651976108551
1727706504.0956542,0.0,0.0,0.0,0.0,0.0,-0.0
1727706504.1019976,0.3999657928943634,0.0,0.0,0.0,0.0,-0.03166761249303818
1727706504.1141694,0.34859248995780945,0.0,0.0,0.0,0.0,-0.03093058057129383
1727706504.132534,0.35015079379081726,0.0,0.0,0.0,0.0,-0.027300849556922913
1727706504.1541288,0.3999657928943634,0.0,0.0,0.0,0.0,-0.03166761249303818
1727706504.1824894,0.3463611900806427,0.0,0.0,0.0,0.0,-0.021565649658441544
1727706504.2024937,0.38569387793540955,0.0,0.0,0.0,0.0,-0.029828397557139397
1727706504.2329488,0.3474445641040802,0.0,0.0,0.0,0.0,-0.022052662447094917
1727706504.2529333,0.37745556235313416,0.0,0.0,0.0,0.0,-0.02577790431678295
1727706504.2826517,0.3473043739795685,0.0,0.0,0.0,0.0,-0.021395903080701828
1727706504.30311,0.374179869890213,0.0,0.0,0.0,0.0,-0.02996562048792839
1727706504.3322446,0.3510186970233917,0.0,0.0,0.0,0.0,-0.023842113092541695
1727706504.394607,0.3695549964904785,0.0,0.0,0.0,0.0,-0.030241364613175392
1727706504.4030175,0.0,0.0,0.0,0.0,0.0,-0.0
1727706504.4330227,0.0,0.0,0.0,0.0,0.0,-0.0
1727706504.4533167,0.35743844509124756,0.0,0.0,0.0,0.0,-0.032718926668167114
1727706504.483186,0.0,0.0,0.0,0.0,0.0,-0.0
1727706504.5162318,0.35743844509124756,0.0,0.0,0.0,0.0,-0.032718926668167114
1727706504.5176609,0.34376853704452515,0.0,0.0,0.0,0.0,-0.050285059958696365
1727706504.5318553,0.0,0.0,0.0,0.0,0.0,-0.0
1727706504.5539541,0.34376853704452515,0.0,0.0,0.0,0.0,-0.050285059958696365
1727706504.5827534,0.0,0.0,0.0,0.0,0.0,-0.0
1727706504.6024702,0.3423391282558441,0.0,0.0,0.0,0.0,-0.06188807263970375
1727706504.6325479,0.0,0.0,0.0,0.0,0.0,-0.0
1727706504.6523027,0.3415578007698059,0.0,0.0,0.0,0.0,-0.06583034992218018
1727706504.7235959,0.0,0.0,0.0,0.0,0.0,-0.0
1727706504.7760482,0.346829354763031,0.0,0.0,0.0,0.0,-0.0013792398385703564
1727706504.8334985,0.3421492278575897,0.0,0.0,0.0,0.0,0.0023956168442964554
1727706504.8392806,0.3421492278575897,0.0,0.0,0.0,0.0,0.0023956168442964554
1727706504.8821714,0.3421492278575897,0.0,0.0,0.0,0.0,0.0023956168442964554
1727706504.9321146,0.3421492278575897,0.0,0.0,0.0,0.0,0.0023956168442964554
1727706504.9822311,0.3421492278575897,0.0,0.0,0.0,0.0,0.0023956168442964554
1727706505.043974,0.3421492278575897,0.0,0.0,0.0,0.0,0.0023956168442964554
1727706505.0928094,0.2939722239971161,0.0,0.0,0.0,0.0,0.01030230987817049
1727706505.19331,0.2939722239971161,0.0,0.0,0.0,0.0,0.01030230987817049
1727706505.2465026,0.28608980774879456,0.0,0.0,0.0,0.0,0.009532039053738117
1727706505.2476118,0.28119122982025146,0.0,0.0,0.0,0.0,0.014110871590673923
1727706505.2825232,0.28041890263557434,0.0,0.0,0.0,0.0,0.019051669165492058
1727706505.33232,0.28041890263557434,0.0,0.0,0.0,0.0,0.019051669165492058
1727706505.3837721,0.2865450978279114,0.0,0.0,0.0,0.0,0.020957499742507935
1727706505.4834003,0.28772860765457153,0.0,0.0,0.0,0.0,0.018444983288645744
1727706505.4844553,0.2826845049858093,0.0,0.0,0.0,0.0,0.018296731635928154
1727706505.532301,0.27745282649993896,0.0,0.0,0.0,0.0,0.023476028814911842
1727706505.5844069,0.2739987075328827,0.0,0.0,0.0,0.0,0.027083342894911766
1727706505.634271,0.2739987075328827,0.0,0.0,0.0,0.0,0.027083342894911766
1727706505.6824229,0.27151939272880554,0.0,0.0,0.0,0.0,0.027985459193587303
1727706505.732268,0.27344977855682373,0.0,0.0,0.0,0.0,0.023546405136585236
1727706505.8026037,0.2743121087551117,0.0,0.0,0.0,0.0,0.02676856517791748
1727706505.853383,0.2743121087551117,0.0,0.0,0.0,0.0,0.02676856517791748
1727706505.9247646,0.0,0.0,0.0,0.0,0.0,0.0
1727706505.931766,0.0,0.0,0.0,0.0,0.0,0.0
1727706505.9857814,0.0,0.0,0.0,0.0,0.0,0.0
1727706506.0323606,0.0,0.0,0.0,0.0,0.0,0.0
1727706506.0819814,0.0,0.0,0.0,0.0,0.0,0.0
1727706506.1320229,0.0,0.0,0.0,0.0,0.0,0.0
1727706506.1930213,0.26487162709236145,0.0,0.0,0.0,0.0,0.037553463131189346
1727706506.30887,0.26487162709236145,0.0,0.0,0.0,0.0,0.037553463131189346
1727706506.3099968,0.2469588965177536,0.0,0.0,0.0,0.0,0.036203477531671524
1727706506.3634121,0.1219588965177536,0.0,0.0,0.0,0.0,0.0
1727706506.3829443,0.0,0.0,0.0,0.0,0.0,0.0
1727706506.432496,0.0,0.0,0.0,0.0,0.0,0.0
1727706506.482555,0.0,0.0,0.0,0.0,0.0,0.0
1727706506.5327787,0.0,0.0,0.0,0.0,0.0,0.0
1727706506.6036878,0.0,0.0,0.0,0.0,0.0,0.0
1727706506.632455,0.0,0.0,0.0,0.0,0.0,0.0
1727706506.6834352,0.0,0.0,0.0,0.0,0.0,0.0
1727706506.7327435,0.0,0.0,0.0,0.0,0.0,0.0
1727706506.7828176,0.0,0.0,0.0,0.0,0.0,0.0
1727706506.8328292,0.0,0.0,0.0,0.0,0.0,0.0
1727706506.8926728,0.0,0.0,0.0,0.0,0.0,0.0
1727706506.9529562,0.0,0.0,0.0,0.0,0.0,0.0
1727706507.0132577,0.0,0.0,0.0,0.0,0.0,0.0
1727706507.0326967,0.0,0.0,0.0,0.0,0.0,0.0
1727706507.083373,0.0,0.0,0.0,0.0,0.0,0.0
1727706507.1325727,0.0,0.0,0.0,0.0,0.0,0.0
1727706507.185225,0.0,0.0,0.0,0.0,0.0,0.0
1727706507.2486382,0.0,0.0,0.0,0.0,0.0,0.0
